{
	"version": 4,
	"player_pos": [
		360.00000000,
		508.00000000
	],
	"portal_pos": [
		1542.00000000,
		508.00000000
	],
	"enemies": [

	],
	"enemy_data": [
		{
			"id": [
				15,
				161,
				208,
				165,
				67,
				17,
				78,
				88,
				154,
				183,
				146,
				201,
				231,
				232,
				168,
				54
			],
			"pos": [
				1360.00000000,
				504.00000000
			],
			"start_disabled": false,
			"look_angle": -2.66452670,
			"health": 80.00000000,
			"max_health": 80.00000000,
			"variant": 0
		}
	],
	"items": [

	],
	"exploding_barrels": [

	],
	"walls": [
		{
			"entity": {
				"id": [
					211,
					122,
					111,
					49,
					75,
					38,
					72,
					234,
					157,
					163,
					186,
					93,
					201,
					9,
					254,
					123
				],
				"pos": [
					40.00000000,
					472.00000000
				],
				"queue_free": false,
				"start_disabled": false
			},
			"shape": {
				"x": 0.00000000,
				"y": 0.00000000,
				"width": 1536.00000000,
				"height": 8.00000000
			}
		},
		{
			"entity": {
				"id": [
					224,
					115,
					126,
					198,
					59,
					26,
					72,
					244,
					167,
					229,
					157,
					54,
					74,
					46,
					79,
					187
				],
				"pos": [
					40.00000000,
					472.00000000
				],
				"queue_free": false,
				"start_disabled": false
			},
			"shape": {
				"x": 0.00000000,
				"y": 0.00000000,
				"width": 8.00000000,
				"height": 72.00000000
			}
		},
		{
			"entity": {
				"id": [
					169,
					124,
					28,
					93,
					64,
					183,
					67,
					230,
					144,
					96,
					213,
					82,
					79,
					162,
					26,
					3
				],
				"pos": [
					40.00000000,
					536.00000000
				],
				"queue_free": false,
				"start_disabled": false
			},
			"shape": {
				"x": 0.00000000,
				"y": 0.00000000,
				"width": 1536.00000000,
				"height": 8.00000000
			}
		},
		{
			"entity": {
				"id": [
					104,
					191,
					61,
					108,
					240,
					112,
					70,
					135,
					179,
					154,
					13,
					24,
					96,
					9,
					153,
					89
				],
				"pos": [
					1568.00000000,
					472.00000000
				],
				"queue_free": false,
				"start_disabled": false
			},
			"shape": {
				"x": 0.00000000,
				"y": 0.00000000,
				"width": 8.00000000,
				"height": 72.00000000
			}
		}
	],
	"half_walls": [

	],
	"bounds": {
		"x": 0.00000000,
		"y": 0.00000000,
		"width": 0.00000000,
		"height": 0.00000000
	},
	"has_tutorial": false,
	"save_after_completion": false
}