{
	"player_pos": [
		167.12063599,
		16.00000000
	],
	"enemies": [
		{
			"moving_entity": {
				"physics_entity": {
					"entity": {
						"id": [
							232,
							200,
							210,
							3,
							255,
							147,
							69,
							182,
							134,
							123,
							139,
							240,
							134,
							142,
							110,
							70
						],
						"pos": [
							451.93765259,
							199.31211853
						]
					},
					"shape": {
						"x": -8.00000000,
						"y": -8.00000000,
						"width": 16.00000000,
						"height": 16.00000000
					}
				},
				"vel": [
					0.00000000,
					0.00000000
				]
			},
			"detection_range": 80.00000000,
			"detection_points": [
				[
					531.93762207,
					199.31211853
				],
				[
					531.30682373,
					209.33877563
				],
				[
					529.42431641,
					219.20730591
				],
				[
					526.31976318,
					228.76208496
				],
				[
					522.04217529,
					237.85241699
				],
				[
					516.65899658,
					246.33493042
				],
				[
					510.25512695,
					254.07589722
				],
				[
					502.93157959,
					260.95318604
				],
				[
					494.80380249,
					266.85833740
				],
				[
					486.00000000,
					271.69830322
				],
				[
					476.65899658,
					275.39663696
				],
				[
					466.92816162,
					277.89508057
				],
				[
					456.96090698,
					279.15426636
				],
				[
					446.91442871,
					279.15426636
				],
				[
					436.94714355,
					277.89508057
				],
				[
					427.21630859,
					275.39663696
				],
				[
					417.87530518,
					271.69830322
				],
				[
					409.07150269,
					266.85836792
				],
				[
					400.94372559,
					260.95315552
				],
				[
					393.62017822,
					254.07588196
				],
				[
					387.21627808,
					246.33493042
				],
				[
					381.83312988,
					237.85241699
				],
				[
					377.55554199,
					228.76208496
				],
				[
					374.45098877,
					219.20730591
				],
				[
					372.56848145,
					209.33877563
				],
				[
					371.93765259,
					199.31211853
				],
				[
					372.56848145,
					189.28546143
				],
				[
					374.45098877,
					179.41693115
				],
				[
					377.55554199,
					169.86215210
				],
				[
					381.83312988,
					160.77182007
				],
				[
					387.21627808,
					152.28930664
				],
				[
					393.62014771,
					144.54835510
				],
				[
					400.94372559,
					137.67108154
				],
				[
					409.07153320,
					131.76586914
				],
				[
					417.87530518,
					126.92595673
				],
				[
					427.21627808,
					123.22760010
				],
				[
					436.94717407,
					120.72913361
				],
				[
					446.91439819,
					119.46997833
				],
				[
					456.96090698,
					119.46997833
				],
				[
					466.92813110,
					120.72913361
				],
				[
					476.65902710,
					123.22760010
				],
				[
					483.87500000,
					131.44183350
				],
				[
					484.02532959,
					148.75000000
				],
				[
					493.76629639,
					148.75000000
				],
				[
					510.25512695,
					144.54833984
				],
				[
					516.65899658,
					152.28929138
				],
				[
					522.04217529,
					160.77182007
				],
				[
					526.31976318,
					169.86215210
				],
				[
					529.42431641,
					179.41693115
				],
				[
					531.30682373,
					189.28543091
				]
			],
			"attack_charge_range": 12.00000000,
			"start_charge_time": 0.30000001,
			"current_charge_time": -0.00687639,
			"charging": false,
			"start_flinch_time": 0.20000000,
			"current_flinch_time": -0.01269742,
			"flinching": false,
			"just_attacked": false,
			"health": 43.59838104,
			"max_health": 80.00000000,
			"current_path": [
				[
					399.82791138,
					169.61877441
				],
				[
					462.35711670,
					231.06951904
				],
				[
					462.35711670,
					231.06951904
				]
			],
			"current_path_point": 3,
			"pathfinding_timer": 0.12656149,
			"player_in_range": false,
			"data": {
				"attack_poly": {
					"pos": [
						0.00000000,
						0.00000000
					],
					"points": [
						[
							10.00000000,
							-9.98312569
						],
						[
							16.00000000,
							-8.00000000
						],
						[
							20.00000000,
							0.00000000
						],
						[
							16.00000000,
							8.00000000
						],
						[
							10.00000000,
							10.00000000
						]
					],
					"rotation": 106.08499908
				}
			}
		},
		{
			"moving_entity": {
				"physics_entity": {
					"entity": {
						"id": [
							204,
							40,
							226,
							63,
							165,
							184,
							75,
							62,
							187,
							159,
							240,
							42,
							98,
							160,
							56,
							251
						],
						"pos": [
							31.23801994,
							196.06649780
						]
					},
					"shape": {
						"x": -8.00000000,
						"y": -8.00000000,
						"width": 16.00000000,
						"height": 16.00000000
					}
				},
				"vel": [
					0.00000000,
					0.00000000
				]
			},
			"detection_range": 80.00000000,
			"detection_points": [
				[
					90.00000000,
					196.06649780
				],
				[
					90.00000000,
					203.48986816
				],
				[
					90.00000000,
					211.15400696
				],
				[
					90.00000000,
					219.33201599
				],
				[
					90.00000000,
					228.37117004
				],
				[
					90.00000000,
					238.75956726
				],
				[
					89.55551147,
					250.83026123
				],
				[
					82.23194122,
					257.70755005
				],
				[
					74.10417175,
					263.61273193
				],
				[
					65.30035400,
					268.45266724
				],
				[
					55.95937729,
					272.15103149
				],
				[
					46.22852707,
					274.64947510
				],
				[
					36.26126099,
					275.90863037
				],
				[
					26.21478271,
					275.90863037
				],
				[
					16.24751472,
					274.64947510
				],
				[
					10.00000191,
					261.43041992
				],
				[
					10.00000000,
					241.19960022
				],
				[
					10.00000000,
					229.53227234
				],
				[
					10.00000000,
					221.73884583
				],
				[
					10.00000191,
					216.01033020
				],
				[
					10.00000191,
					211.49682617
				],
				[
					10.00000000,
					207.74220276
				],
				[
					10.00000000,
					204.47521973
				],
				[
					10.00000000,
					201.51950073
				],
				[
					10.00000000,
					198.74948120
				],
				[
					10.00000000,
					196.06649780
				],
				[
					10.00000000,
					193.38351440
				],
				[
					10.00000000,
					190.61349487
				],
				[
					10.00000000,
					187.65777588
				],
				[
					10.00000000,
					184.39079285
				],
				[
					10.00000191,
					180.63618469
				],
				[
					10.00000000,
					176.12266541
				],
				[
					10.00000000,
					170.39414978
				],
				[
					10.00000191,
					162.60070801
				],
				[
					10.00000000,
					150.93342590
				],
				[
					10.00000000,
					130.70260620
				],
				[
					16.24754715,
					117.48351288
				],
				[
					26.21477699,
					116.22435760
				],
				[
					36.26126480,
					116.22435760
				],
				[
					46.22849274,
					117.48351288
				],
				[
					55.95938873,
					119.98197937
				],
				[
					65.30037689,
					123.68033600
				],
				[
					74.10414886,
					128.52026367
				],
				[
					82.23195648,
					134.42544556
				],
				[
					89.55550385,
					141.30271912
				],
				[
					90.00000000,
					153.37341309
				],
				[
					89.99999237,
					163.76182556
				],
				[
					90.00000000,
					172.80097961
				],
				[
					90.00000000,
					180.97898865
				],
				[
					90.00000000,
					188.64311218
				]
			],
			"attack_charge_range": 12.00000000,
			"start_charge_time": 0.30000001,
			"current_charge_time": -0.00531038,
			"charging": false,
			"start_flinch_time": 0.20000000,
			"current_flinch_time": -0.01363091,
			"flinching": false,
			"just_attacked": false,
			"health": 45.86185837,
			"max_health": 80.00000000,
			"current_path": [
				[
					31.14316368,
					105.49480438
				],
				[
					31.46095657,
					184.72476196
				]
			],
			"current_path_point": 2,
			"pathfinding_timer": 0.43320602,
			"player_in_range": false,
			"data": {
				"attack_poly": {
					"pos": [
						0.00000000,
						0.00000000
					],