{
	"player_pos": [
		22.82825089,
		36.54116821
	],
	"enemies": [
		{
			"moving_entity": {
				"physics_entity": {
					"entity": {
						"id": [
							128,
							249,
							222,
							146,
							69,
							236,
							69,
							128,
							167,
							90,
							39,
							96,
							137,
							255,
							125,
							126
						],
						"pos": [
							427.78018188,
							94.56281281
						]
					},
					"shape": {
						"x": -8.00000000,
						"y": -8.00000000,
						"width": 16.00000000,
						"height": 16.00000000
					}
				},
				"vel": [
					0.00000000,
					0.00000000
				]
			},
			"detection_range": 80.00000000,
			"detection_points": [
				[
					507.78018188,
					94.56281281
				],
				[
					507.14935303,
					104.58946991
				],
				[
					505.26684570,
					114.45800018
				],
				[
					502.16229248,
					124.01277161
				],
				[
					489.96646118,
					128.75000000
				],
				[
					483.87500000,
					135.31808472
				],
				[
					483.87500000,
					147.23934937
				],
				[
					478.77410889,
					156.20387268
				],
				[
					470.64633179,
					162.10903931
				],
				[
					461.84252930,
					166.94897461
				],
				[
					452.50152588,
					170.64733887
				],
				[
					442.77069092,
					173.14578247
				],
				[
					432.80343628,
					174.40495300
				],
				[
					422.75695801,
					174.40495300
				],
				[
					412.78967285,
					173.14578247
				],
				[
					403.05883789,
					170.64733887
				],
				[
					393.71783447,
					166.94897461
				],
				[
					384.91403198,
					162.10905457
				],
				[
					376.78625488,
					156.20385742
				],
				[
					369.46270752,
					149.32656860
				],
				[
					363.05880737,
					141.58563232
				],
				[
					357.67565918,
					133.10311890
				],
				[
					353.39807129,
					124.01277924
				],
				[
					405.50000000,
					100.28339386
				],
				[
					405.50000000,
					97.37745667
				],
				[
					405.50000000,
					94.56281281
				],
				[
					405.50000000,
					91.74817657
				],
				[
					405.50000000,
					88.84223938
				],
				[
					405.50000000,
					85.74146271
				],
				[
					405.50000000,
					82.31417847
				],
				[
					363.05880737,
					47.54000092
				],
				[
					369.46267700,
					39.79904938
				],
				[
					376.78625488,
					32.92176819
				],
				[
					384.91406250,
					27.01657104
				],
				[
					393.71783447,
					22.17665100
				],
				[
					403.05880737,
					18.47829437
				],
				[
					412.78970337,
					15.97982788
				],
				[
					422.75692749,
					14.72067261
				],
				[
					432.80343628,
					14.72067261
				],
				[
					442.77066040,
					15.97982788
				],
				[
					452.50155640,
					18.47829437
				],
				[
					461.84252930,
					22.17665100
				],
				[
					470.64630127,
					27.01657104
				],
				[
					478.77410889,
					32.92176819
				],
				[
					486.09765625,
					39.79903793
				],
				[
					452.25000000,
					76.78444672
				],
				[
					452.25000000,
					81.11041260
				],
				[
					452.25000000,
					84.87452698
				],
				[
					452.25000000,
					88.28002930
				],
				[
					452.25000000,
					91.47154999
				]
			],
			"attack_charge_range": 12.00000000,
			"start_charge_time": 0.30000001,
			"current_charge_time": 0.00000000,
			"charging": false,
			"start_flinch_time": 0.20000000,
			"current_flinch_time": 0.00000000,
			"flinching": false,
			"just_attacked": false,
			"health": 80.00000000,
			"max_health": 80.00000000,
			"current_path": [
				[
					435.98760986,
					144.13293457
				],
				[
					471.10720825,
					137.92622375
				],
				[
					471.10720825,
					137.92622375
				],
				[
					471.10720825,
					137.92622375
				],
				[
					471.10720825,
					137.92622375
				],
				[
					435.07998657,
					102.65513611
				]
			],
			"current_path_point": 6,
			"pathfinding_timer": 0.01926279,
			"player_in_range": false,
			"data": {
				"attack_poly": {
					"pos": [
						0.00000000,
						0.00000000
					],
					"points": [
						[
							10.00000000,
							-9.98312569
						],
						[
							16.00000000,
							-8.00000000
						],
						[
							20.00000000,
							0.00000000
						],
						[
							16.00000000,
							8.00000000
						],
						[
							10.00000000,
							10.00000000
						]
					],
					"rotation": 0.00000000
				}
			}
		},
		{
			"moving_entity": {
				"physics_entity": {
					"entity": {
						"id": [
							174,
							202,
							247,
							17,
							169,
							180,
							79,
							58,
							173,
							179,
							41,
							151,
							181,
							50,
							2,
							137
						],
						"pos": [
							200.00000000,
							200.00000000
						]
					},
					"shape": {
						"x": -8.00000000,
						"y": -8.00000000,
						"width": 16.00000000,
						"height": 16.00000000
					}
				},
				"vel": [
					0.00000000,
					0.00000000
				]
			},
			"detection_range": 80.00000000,
			"detection_points": [
				[
					213.70597839,
					200.00000000
				],
				[
					212.33338928,
					201.55807495
				],
				[
					211.38818359,
					202.92398071
				],
				[
					210.66665649,
					204.22323608
				],
				[
					210.08422852,
					205.54385376
				],
				[
					209.60427856,
					206.97792053
				],
				[
					209.22457886,
					208.66246033
				],
				[
					209.00631714,
					210.88677979
				],
				[
					209.37365723,
					214.77052307
				],
				[
					234.06233215,
					272.38616943
				],
				[
					224.72135925,
					276.08453369
				],
				[
					214.99050903,
					278.58297729
				],
				[
					205.02323914,
					279.84213257
				],
				[
					194.97676086,
					279.84213257
				],
				[
					185.00949097,
					278.58297729
				],
				[
					175.27864075,
					276.08453369
				],
				[
					165.93766785,
					272.38616943
				],
				[
					157.13386536,
					267.54623413
				],
				[
					149.00607300,
					261.64105225
				],
				[
					141.68251038,
					254.76376343
				],
				[
					135.27862549,
					247.02281189
				],
				[
					129.89547729,
					238.54029846
				],
				[
					125.61788177,
					229.44996643
				],
				[
					182.45401001,
					204.50503540
				],
				[
					184.47436523,
					201.96134949
				],
				[
					185.54498291,
					200.00000000
				],
				[
					186.22279358,
					198.25953674
				],
				[
					186.66780090,
					196.57687378
				],
				[
					186.93028259,
					194.82533264
				],
				[
					186.99267578,
					192.84916687
				],
				[
					186.71963501,
					190.35124207
				],
				[
					185.33697510,
					186.23049927
				],
				[
					155.43452454,
					146.12962341
				],
				[
					160.53811646,
					137.81799316
				],
				[
					165.93765259,
					127.61383820
				],
				[
					175.27862549,
					123.91548157
				],
				[
					185.00952148,
					121.41701508
				],
				[
					194.97676086,
					120.15785980
				],
				[
					203.61613464,
					142.52333069
				],
				[
					209.75035095,
					148.88677979
				],
				[
					215.61486816,
					151.94241333
				],
				[
					221.98733521,
					153.27453613
				],
				[
					230.18870544,
					152.43020630
				],
				[
					250.99394226,
					138.35894775
				],
				[
					258.31747437,
					145.23622131
				],
				[
					264.72137451,
					152.97717285
				],
				[
					270.10452271,
					161.45970154
				],
				[
					274.38211060,
					170.55003357
				],
				[
					277.48666382,
					180.10481262
				],
				[
					216.23248291,
					197.94935608
				]
			],
			"attack_charge_range": 12.00000000,
			"start_charge_time": 0.30000001,
			"current_charge_time": 0.00000000,
			"charging": false,
			"start_flinch_time": 0.20000000,
			"current_flinch_time": 0.00000000,
			"flinching": false,
			"just_attacked": false,
			"health": 80.00000000,
			"max_health": 80.00000000,
			"current_path": [

			],
			"current_path_point": 0,
			"pathfinding_timer": 0.00000000,
			"player_in_range": false,
			"data": {
				"attack_poly": {
					"pos": [
						0.00000000,
						0.00000000
					],