{"cells":[{"verts":[[10.00000000,10.00000000],[20.00000000,15.00000000],[10.00000000,0.00000000]]}],"nodes":[{"pos":[15.00000000,12.50000000],"verts":[[10.00000000,10.00000000],[20.00000000,15.00000000]],"connections":[1,2,-1,-1]},{"pos":[15.00000000,7.50000000],"verts":[[20.00000000,15.00000000],[10.00000000,0.00000000]],"connections":[0,2,-1,-1]},{"pos":[10.00000000,5.00000000],"verts":[[10.00000000,0.00000000],[10.00000000,10.00000000]],"connections":[1,0,-1,-1]}]}