{"cells":[{"verts":[[-45.00000000,-5.00000000],[35.00000000,-30.00000000],[-45.00000000,-30.00000000]],"adj_cells":[1,-1,-1],"num_adj_cells":1},{"verts":[[35.00000000,-30.00000000],[-45.00000000,-5.00000000],[55.66670990,10.00000191]],"adj_cells":[0,-1,-1],"num_adj_cells":1}]}