{
	"version": 4,
	"player_pos": [
		604.00000000,
		376.00000000
	],
	"portal_pos": [
		1056.00000000,
		376.00000000
	],
	"enemies": [

	],
	"enemy_data": [

	],
	"items": [

	],
	"exploding_barrels": [

	],
	"walls": [
		{
			"entity": {
				"id": [
					158,
					33,
					0,
					32,
					144,
					50,
					64,
					4,
					159,
					82,
					214,
					186,
					250,
					146,
					42,
					237
				],
				"pos": [
					576.00000000,
					344.00000000
				],
				"queue_free": false,
				"start_disabled": false
			},
			"shape": {
				"x": 0.00000000,
				"y": 0.00000000,
				"width": 8.00000000,
				"height": 64.00000000
			}
		},
		{
			"entity": {
				"id": [
					58,
					174,
					25,
					72,
					187,
					163,
					72,
					186,
					128,
					140,
					138,
					147,
					83,
					112,
					228,
					192
				],
				"pos": [
					576.00000000,
					344.00000000
				],
				"queue_free": false,
				"start_disabled": false
			},
			"shape": {
				"x": 0.00000000,
				"y": 0.00000000,
				"width": 512.00000000,
				"height": 8.00000000
			}
		},
		{
			"entity": {
				"id": [
					160,
					121,
					166,
					101,
					40,
					22,
					65,
					229,
					161,
					226,
					40,
					65,
					223,
					70,
					101,
					90
				],
				"pos": [
					576.00000000,
					400.00000000
				],
				"queue_free": false,
				"start_disabled": false
			},
			"shape": {
				"x": 0.00000000,
				"y": 0.00000000,
				"width": 512.00000000,
				"height": 8.00000000
			}
		},
		{
			"entity": {
				"id": [
					211,
					183,
					206,
					20,
					186,
					117,
					73,
					67,
					175,
					124,
					163,
					139,
					238,
					133,
					128,
					9
				],
				"pos": [
					1080.00000000,
					344.00000000
				],
				"queue_free": false,
				"start_disabled": false
			},
			"shape": {
				"x": 0.00000000,
				"y": 0.00000000,
				"width": 8.00000000,
				"height": 64.00000000
			}
		}
	],
	"half_walls": [

	],
	"bounds": {
		"x": 0.00000000,
		"y": 0.00000000,
		"width": 0.00000000,
		"height": 0.00000000
	},
	"has_tutorial": true,
	"save_after_completion": true
}