{
	"player_pos": [
		738.02661133,
		577.01696777
	],
	"portal_pos": [
		736.00000000,
		336.00000000
	],
	"enemies": [

	],
	"enemy_data": [
		{
			"id": [
				168,
				91,
				166,
				216,
				165,
				200,
				74,
				9,
				142,
				114,
				109,
				40,
				44,
				100,
				248,
				231
			],
			"pos": [
				736.00000000,
				448.00000000
			],
			"start_disabled": true,
			"look_angle": 0.00000000,
			"health": 80.00000000,
			"max_health": 80.00000000,
			"variant": 0
		}
	],
	"items": [
		{
			"moving_entity": {
				"physics_entity": {
					"entity": {
						"id": [
							153,
							29,
							126,
							215,
							95,
							92,
							73,
							17,
							169,
							36,
							225,
							243,
							43,
							80,
							12,
							80
						],
						"pos": [
							736.00000000,
							536.00000000
						],
						"queue_free": false,
						"start_disabled": false
					},
					"shape": {
						"pos": [
							0.00000000,
							0.00000000
						],
						"radius": 4.00000000
					}
				},
				"vel": [
					0.00000000,
					0.00000000
				]
			},
			"data": {
				"id": 100,
				"count": 6,
				"max_count": 40
			}
		}
	],
	"exploding_barrels": [

	],
	"walls": [
		{
			"entity": {
				"id": [
					186,
					62,
					50,
					213,
					193,
					193,
					68,
					245,
					191,
					8,
					241,
					183,
					79,
					8,
					89,
					97
				],
				"pos": [
					696.00000000,
					296.00000000
				],
				"queue_free": false,
				"start_disabled": false
			},
			"shape": {
				"x": 0.00000000,
				"y": 0.00000000,
				"width": 8.00000000,
				"height": 72.00000000
			}
		},
		{
			"entity": {
				"id": [
					244,
					21,
					47,
					189,
					27,
					31,
					71,
					26,
					155,
					62,
					188,
					91,
					134,
					20,
					208,
					158
				],
				"pos": [
					696.00000000,
					296.00000000
				],
				"queue_free": false,
				"start_disabled": false
			},
			"shape": {
				"x": 0.00000000,
				"y": 0.00000000,
				"width": 80.00000000,
				"height": 8.00000000
			}
		},
		{
			"entity": {
				"id": [
					232,
					157,
					39,
					242,
					166,
					136,
					69,
					34,
					132,
					15,
					183,
					170,
					124,
					167,
					158,
					132
				],
				"pos": [
					768.00000000,
					296.00000000
				],
				"queue_free": false,
				"start_disabled": false
			},
			"shape": {
				"x": 0.00000000,
				"y": 0.00000000,
				"width": 8.00000000,
				"height": 72.00000000
			}
		},
		{
			"entity": {
				"id": [
					236,
					23,
					189,
					175,
					22,
					127,
					79,
					48,
					175,
					130,
					123,
					189,
					146,
					221,
					171,
					64
				],
				"pos": [
					768.00000000,
					360.00000000
				],
				"queue_free": false,
				"start_disabled": false
			},
			"shape": {
				"x": 0.00000000,
				"y": 0.00000000,
				"width": 72.00000000,
				"height": 8.00000000
			}
		},
		{
			"entity": {
				"id": [
					215,
					159,
					54,
					140,
					15,
					106,
					79,
					183,
					153,
					33,
					207,
					105,
					39,
					97,
					111,
					80
				],
				"pos": [
					632.00000000,
					360.00000000
				],
				"queue_free": false,
				"start_disabled": false
			},
			"shape": {
				"x": 0.00000000,
				"y": 0.00000000,
				"width": 72.00000000,
				"height": 8.00000000
			}
		},
		{
			"entity": {
				"id": [
					210,
					154,
					243,
					186,
					138,
					250,
					71,
					163,
					164,
					175,
					20,
					123,
					158,
					12,
					143,
					164
				],
				"pos": [
					632.00000000,
					360.00000000
				],
				"queue_free": false,
				"start_disabled": false
			},
			"shape": {
				"x": 0.00000000,
				"y": 0.00000000,
				"width": 8.00000000,
				"height": 192.00000000
			}
		},
		{
			"entity": {
				"id": [
					73,
					141,
					148,
					4,
					221,
					97,
					68,
					126,
					131,
					58,
					48,
					165,
					219,
					111,
					69,
					254
				],
				"pos": [
					832.00000000,
					360.00000000
				],
				"queue_free": false,
				"start_disabled": false
			},
			"shape": {
				"x": 0.00000000,
				"y": 0.00000000,
				"width": 8.00000000,
				"height": 192.00000000
			}
		},
		{
			"entity": {
				"id": [
					232,
					142,
					140,
					201,
					25,
					149,
					64,
					142,
					139,
					59,
					237,
					206,
					72,
					251,
					240,
					20
				],
				"pos": [
					632.00000000,
					544.00000000
				],
				"queue_free": false,
				"start_disabled": false
			},
			"shape": {
				"x": 0.00000000,
				"y": 0.00000000,
				"width": 72.00000000,
				"height": 8.00000000
			}
		},
		{
			"entity": {
				"id": [
					87,
					32,
					7,
					155,
					75,
					192,
					71,
					152,
					183,
					163,
					146,
					29,
					75,
					67,
					104,
					122
				],
				"pos": [
					768.00000000,
					544.00000000
				],
				"queue_free": false,
				"start_disabled": false
			},
			"shape": {
				"x": 0.00000000,
				"y": 0.00000000,
				"width": 72.00000000,
				"height": 8.00000000
			}
		},
		{
			"entity": {
				"id": [
					57,
					131,
					160,
					67,
					158,
					8,
					70,
					120,
					156,
					92,
					222,
					225,
					246,
					239,
					106,
					155
				],
				"pos": [
					696.00000000,
					544.00000000
				],
				"queue_free": false,
				"start_disabled": false
			},
			"shape": {
				"x": 0.00000000,
				"y": 0.00000000,
				"width": 8.00000000,
				"height": 64.00000000
			}
		},
		{
			"entity": {
				"id": [
					61,
					86,
					81,
					166,
					211,
					37,
					79,
					240,
					176,
					114,
					121,
					81,
					253,
					61,
					80,
					29
				],
				"pos": [
					696.00000000,
					608.00000000
				],
				"queue_free": false,
				"start_disabled": false
			},
			"shape": {
				"x": 0.00000000,
				"y": 0.00000000,
				"width": 80.00000000,
				"height": 8.00000000
			}
		},
		{
			"entity": {
				"id": [
					30,
					239,
					223,
					56,
					186,
					221,
					65,
					21,
					142,
					182,
					168,
					56,
					88,
					112,
					9,
					53
				],
				"pos": [
					768.00000000,
					544.00000000
				],
				"queue_free": false,
				"start_disabled": false
			},
			"shape": {
				"x": 0.00000000,
				"y": 0.00000000,
				"width": 8.00000000,
				"height": 64.00000000
			}
		}
	],
	"half_walls": [

	],
	"bounds": {
		"x": 0.00000000,
		"y": 0.00000000,
		"width": 0.00000000,
		"height": 0.00000000
	},
	"has_tutorial": true
}