{
	"player_pos": [
		484.00000000,
		780.00000000
	],
	"portal_pos": [
		1015.00000000,
		621.00000000
	],
	"enemies": [

	],
	"enemy_data": [

	],
	"items": [
		{
			"moving_entity": {
				"physics_entity": {
					"entity": {
						"id": [
							83,
							61,
							240,
							193,
							255,
							117,
							64,
							19,
							176,
							16,
							71,
							133,
							177,
							230,
							5,
							64
						],
						"pos": [
							527.00000000,
							795.00000000
						],
						"queue_free": false,
						"start_disabled": false
					},
					"shape": {
						"pos": [
							0.00000000,
							0.00000000
						],
						"radius": 4.00000000
					}
				},
				"vel": [
					0.00000000,
					0.00000000
				]
			},
			"data": {
				"id": 2,
				"count": 1,
				"max_count": 0
			}
		},
		{
			"moving_entity": {
				"physics_entity": {
					"entity": {
						"id": [
							3,
							3,
							233,
							122,
							18,
							83,
							78,
							250,
							135,
							216,
							175,
							79,
							187,
							147,
							31,
							252
						],
						"pos": [
							526.00000000,
							776.00000000
						],
						"queue_free": false,
						"start_disabled": false
					},
					"shape": {
						"pos": [
							0.00000000,
							0.00000000
						],
						"radius": 4.00000000
					}
				},
				"vel": [
					0.00000000,
					0.00000000
				]
			},
			"data": {
				"id": 2,
				"count": 1,
				"max_count": 0
			}
		},
		{
			"moving_entity": {
				"physics_entity": {
					"entity": {
						"id": [
							117,
							109,
							119,
							253,
							203,
							246,
							65,
							48,
							165,
							0,
							107,
							116,
							144,
							157,
							36,
							235
						],
						"pos": [
							520.00000000,
							768.00000000
						],
						"queue_free": false,
						"start_disabled": false
					},
					"shape": {
						"pos": [
							0.00000000,
							0.00000000
						],
						"radius": 4.00000000
					}
				},
				"vel": [
					0.00000000,
					0.00000000
				]
			},
			"data": {
				"id": 2,
				"count": 1,
				"max_count": 0
			}
		},
		{
			"moving_entity": {
				"physics_entity": {
					"entity": {
						"id": [
							196,
							42,
							113,
							91,
							24,
							34,
							75,
							108,
							176,
							51,
							111,
							51,
							241,
							51,
							214,
							231
						],
						"pos": [
							519.00000000,
							781.00000000
						],
						"queue_free": false,
						"start_disabled": false
					},
					"shape": {
						"pos": [
							0.00000000,
							0.00000000
						],
						"radius": 4.00000000
					}
				},
				"vel": [
					0.00000000,
					0.00000000
				]
			},
			"data": {
				"id": 2,
				"count": 1,
				"max_count": 0
			}
		},
		{
			"moving_entity": {
				"physics_entity": {
					"entity": {
						"id": [
							77,
							27,
							96,
							213,
							254,
							72,
							67,
							205,
							137,
							50,
							2,
							243,
							159,
							108,
							144,
							203
						],
						"pos": [
							515.00000000,
							774.00000000
						],
						"queue_free": false,
						"start_disabled": false
					},
					"shape": {
						"pos": [
							0.00000000,
							0.00000000
						],
						"radius": 4.00000000
					}
				},
				"vel": [
					0.00000000,
					0.00000000
				]
			},
			"data": {
				"id": 2,
				"count": 1,
				"max_count": 0
			}
		},
		{
			"moving_entity": {
				"physics_entity": {
					"entity": {
						"id": [
							8,
							65,
							110,
							132,
							219,
							36,
							69,
							160,
							147,
							124,
							160,
							239,
							53,
							26,
							250,
							236
						],
						"pos": [
							519.00000000,
							798.00000000
						],
						"queue_free": false,
						"start_disabled": false
					},
					"shape": {
						"pos": [
							0.00000000,
							0.00000000
						],
						"radius": 4.00000000
					}
				},
				"vel": [
					0.00000000,
					0.00000000
				]
			},
			"data": {
				"id": 2,
				"count": 1,
				"max_count": 0
			}
		},
		{
			"moving_entity": {
				"physics_entity": {
					"entity": {
						"id": [
							130,
							101,
							171,
							183,
							95,
							70,
							75,
							33,
							131,
							43,
							132,
							63,
							236,
							166,
							131,
							114
						],
						"pos": [
							510.86370850,
							748.03210449
						],
						"queue_free": false,
						"start_disabled": false
					},
					"shape": {
						"pos": [
							0.00000000,
							0.00000000
						],
						"radius": 4.00000000
					}
				},
				"vel": [
					0.00000000,
					0.00000000
				]
			},
			"data": {
				"id": 2,
				"count": 1,
				"max_count": 0
			}
		}
	],
	"exploding_barrels": [

	],
	"walls": [
		{
			"entity": {
				"id": [
					200,
					106,
					154,
					129,
					161,
					237,
					72,
					212,
					189,
					189,
					83,
					71,
					186,
					146,
					74,
					19
				],
				"pos": [
					656.00000000,
					576.00000000
				],
				"queue_free": false,
				"start_disabled": false
			},
			"shape": {
				"x": 0.00000000,
				"y": 0.00000000,
				"width": 8.00000000,
				"height": 160.00000000
			}
		},
		{
			"entity": {
				"id": [
					115,
					140,
					183,
					55,
					112,
					183,
					75,
					174,
					159,
					188,
					96,
					216,
					21,
					252,
					239,
					24
				],
				"pos": [
					664.00000000,
					576.00000000
				],
				"queue_free": false,
				"start_disabled": false
			},
			"shape": {
				"x": 0.00000000,
				"y": 0.00000000,
				"width": 392.00000000,
				"height": 8.00000000
			}
		},
		{
			"entity": {
				"id": [
					180,
					222,
					120,
					66,
					80,
					84,
					69,
					98,
					140,
					209,
					28,
					75,
					252,
					49,
					186,
					201
				],
				"pos": [
					1048.00000000,
					584.00000000
				],
				"queue_free": false,
				"start_disabled": false
			},
			"shape": {
				"x": 0.00000000,
				"y": 0.00000000,
				"width": 8.00000000,
				"height": 72.00000000
			}
		},
		{
			"entity": {
				"id": [
					174,
					55,
					171,
					217,
					44,
					29,
					68,
					172,
					147,
					89,
					249,
					244,
					69,
					135,
					33,
					56
				],
				"pos": [
					752.00000000,
					656.00000000
				],
				"queue_free": false,
				"start_disabled": false
			},
			"shape": {
				"x": 0.00000000,
				"y": 0.00000000,
				"width": 304.00000000,
				"height": 8.00000000
			}
		},
		{
			"entity": {
				"id": [
					165,
					41,
					1,
					220,
					83,
					5,
					79,
					163,
					184,
					122,
					239,
					182,
					138,
					201,
					130,
					84
				],
				"pos": [
					752.00000000,
					664.00000000
				],
				"queue_free": false,
				"start_disabled": false
			},
			"shape": {
				"x": 0.00000000,
				"y": 0.00000000,
				"width": 8.00000000,
				"height": 152.00000000
			}
		},
		{
			"entity": {
				"id": [
					232,
					232,
					110,
					79,
					231,
					162,
					76,
					6,
					140,
					221,
					130,
					143,
					245,
					92,
					61,
					15
				],
				"pos": [
					448.00000000,
					728.00000000
				],
				"queue_free": false,
				"start_disabled": false
			},
			"shape": {
				"x": 0.00000000,
				"y": 0.00000000,
				"width": 216.00000000,
				"height": 8.00000000
			}
		},
		{
			"entity": {
				"id": [
					53,
					66,
					47,
					113,
					34,
					5,
					68,
					246,
					173,
					84,
					33,
					6,
					228,
					141,
					39,
					47
				],
				"pos": [
					448.00000000,
					816.00000000
				],
				"queue_free": false,
				"start_disabled": false
			},
			"shape": {
				"x": 0.00000000,
				"y": 0.00000000,
				"width": 312.00000000,
				"height": 8.00000000
			}
		},
		{
			"entity": {
				"id": [
					110,
					192,
					224,
					112,
					162,
					231,
					73,
					14,
					134,
					27,
					253,
					175,
					33,
					200,
					190,
					24
				],
				"pos": [
					448.00000000,
					728.00000000
				],
				"queue_free": false,