{
	"version": 4,
	"player_pos": [
		536.00000000,
		696.00000000
	],
	"portal_pos": [
		536.00000000,
		768.00000000
	],
	"enemies": [

	],
	"enemy_data": [
		{
			"id": [
				42,
				128,
				80,
				119,
				193,
				108,
				77,
				109,
				129,
				128,
				201,
				6,
				71,
				177,
				140,
				93
			],
			"pos": [
				618.00000000,
				777.00000000
			],
			"start_disabled": false,
			"look_angle": -124.36141205,
			"health": 80.00000000,
			"max_health": 80.00000000,
			"variant": 1
		},
		{
			"id": [
				148,
				216,
				234,
				112,
				14,
				84,
				73,
				187,
				169,
				146,
				174,
				161,
				158,
				79,
				222,
				210
			],
			"pos": [
				658.00000000,
				779.00000000
			],
			"start_disabled": false,
			"look_angle": -71.48625946,
			"health": 80.00000000,
			"max_health": 80.00000000,
			"variant": 1
		},
		{
			"id": [
				33,
				38,
				41,
				208,
				134,
				127,
				71,
				87,
				173,
				51,
				152,
				187,
				171,
				28,
				143,
				209
			],
			"pos": [
				770.00000000,
				732.00000000
			],
			"start_disabled": false,
			"look_angle": -129.67291260,
			"health": 80.00000000,
			"max_health": 80.00000000,
			"variant": 0
		},
		{
			"id": [
				132,
				99,
				127,
				16,
				14,
				208,
				69,
				80,
				171,
				147,
				80,
				131,
				174,
				180,
				115,
				182
			],
			"pos": [
				760.00000000,
				742.00000000
			],
			"start_disabled": false,
			"look_angle": -104.95080566,
			"health": 80.00000000,
			"max_health": 80.00000000,
			"variant": 0
		}
	],
	"items": [

	],
	"exploding_barrels": [
		{
			"moving_entity": {
				"physics_entity": {
					"entity": {
						"id": [
							187,
							182,
							185,
							218,
							55,
							100,
							66,
							49,
							138,
							213,
							154,
							7,
							249,
							61,
							119,
							91
						],
						"pos": [
							746.00000000,
							691.00000000
						],
						"queue_free": false,
						"start_disabled": false
					},
					"shape": {
						"pos": [
							0.00000000,
							0.00000000
						],
						"radius": 6.00000000
					}
				},
				"vel": [
					0.00000000,
					0.00000000
				]
			},
			"health": 50.00000000,
			"max_health": 50.00000000
		}
	],
	"walls": [
		{
			"entity": {
				"id": [
					47,
					102,
					26,
					62,
					159,
					220,
					74,
					26,
					131,
					6,
					98,
					88,
					86,
					7,
					105,
					227
				],
				"pos": [
					504.00000000,
					720.00000000
				],
				"queue_free": false,
				"start_disabled": false
			},
			"shape": {
				"x": 0.00000000,
				"y": 0.00000000,
				"width": 72.00000000,
				"height": 8.00000000
			}
		},
		{
			"entity": {
				"id": [
					214,
					157,
					70,
					240,
					142,
					106,
					76,
					0,
					178,
					54,
					109,
					21,
					246,
					253,
					216,
					11
				],
				"pos": [
					512.00000000,
					664.00000000
				],
				"queue_free": false,
				"start_disabled": false
			},
			"shape": {
				"x": 0.00000000,
				"y": 0.00000000,
				"width": 280.00000000,
				"height": 8.00000000
			}
		},
		{
			"entity": {
				"id": [
					13,
					87,
					96,
					82,
					197,
					239,
					68,
					110,
					163,
					184,
					71,
					58,
					85,
					205,
					3,
					151
				],
				"pos": [
					504.00000000,
					664.00000000
				],
				"queue_free": false,
				"start_disabled": false
			},
			"shape": {
				"x": 0.00000000,
				"y": 0.00000000,
				"width": 8.00000000,
				"height": 144.00000000
			}
		},
		{
			"entity": {
				"id": [
					74,
					254,
					40,
					215,
					79,
					7,
					68,
					163,
					179,
					118,
					206,
					243,
					241,
					141,
					155,
					1
				],
				"pos": [
					696.00000000,
					720.00000000
				],
				"queue_free": false,
				"start_disabled": false
			},
			"shape": {
				"x": 0.00000000,
				"y": 0.00000000,
				"width": 48.00000000,
				"height": 8.00000000
			}
		},
		{
			"entity": {
				"id": [
					224,
					4,
					170,
					147,
					189,
					154,
					69,
					131,
					155,
					222,
					244,
					149,
					6,
					150,
					192,
					158
				],
				"pos": [
					560.00000000,
					800.00000000
				],
				"queue_free": false,
				"start_disabled": false
			},
			"shape": {
				"x": 0.00000000,
				"y": 0.00000000,
				"width": 240.00000000,
				"height": 8.00000000
			}
		},
		{
			"entity": {
				"id": [
					20,
					137,
					230,
					175,
					41,
					239,
					71,
					122,
					176,
					163,
					19,
					100,
					142,
					122,
					73,
					3
				],
				"pos": [
					792.00000000,
					664.00000000
				],
				"queue_free": false,
				"start_disabled": false
			},
			"shape": {
				"x": 0.00000000,
				"y": 0.00000000,
				"width": 8.00000000,
				"height": 144.00000000
			}
		},
		{
			"entity": {
				"id": [
					126,
					90,
					40,
					179,
					110,
					134,
					67,
					113,
					132,
					234,
					62,
					230,
					255,
					214,
					12,
					195
				],
				"pos": [
					504.00000000,
					800.00000000
				],
				"queue_free": false,
				"start_disabled": false
			},
			"shape": {
				"x": 0.00000000,
				"y": 0.00000000,
				"width": 64.00000000,
				"height": 8.00000000
			}
		}
	],
	"half_walls": [
		{
			"physics_entity": {
				"entity": {
					"id": [
						141,
						15,
						200,
						217,
						46,
						58,
						77,
						1,
						169,
						63,
						240,
						145,
						100,
						249,
						196,
						2
					],
					"pos": [
						576.00000000,
						720.00000000
					],
					"queue_free": false,
					"start_disabled": false
				},
				"shape": {
					"x": 0.00000000,
					"y": 0.00000000,
					"width": 120.00000000,
					"height": 8.00000000
				}
			}
		}
	],
	"bounds": {
		"x": 0.00000000,
		"y": 0.00000000,
		"width": 0.00000000,
		"height": 0.00000000
	},
	"has_tutorial": true,
	"save_after_completion": false
}