{
	"player_pos": [
		649.52960205,
		631.73492432
	],
	"portal_pos": [
		654.00000000,
		353.00000000
	],
	"enemies": [

	],
	"items": [

	],
	"exploding_barrels": [

	],
	"walls": [
		{
			"entity": {
				"id": [
					216,
					119,
					173,
					215,
					169,
					217,
					78,
					210,
					187,
					225,
					38,
					99,
					50,
					79,
					38,
					174
				],
				"pos": [
					456.00000000,
					296.00000000
				],
				"queue_free": false,
				"start_disabled": false
			},
			"shape": {
				"x": 0.00000000,
				"y": 0.00000000,
				"width": 8.00000000,
				"height": 400.00000000
			}
		},
		{
			"entity": {
				"id": [
					144,
					62,
					37,
					0,
					103,
					52,
					75,
					15,
					185,
					182,
					38,
					160,
					170,
					19,
					130,
					163
				],
				"pos": [
					456.00000000,
					296.00000000
				],
				"queue_free": false,
				"start_disabled": false
			},
			"shape": {
				"x": 0.00000000,
				"y": 0.00000000,
				"width": 400.00000000,
				"height": 8.00000000
			}
		},
		{
			"entity": {
				"id": [
					246,
					142,
					26,
					170,
					83,
					83,
					73,
					80,
					134,
					98,
					201,
					47,
					124,
					74,
					211,
					221
				],
				"pos": [
					848.00000000,
					296.00000000
				],
				"queue_free": false,
				"start_disabled": false
			},
			"shape": {
				"x": 0.00000000,
				"y": 0.00000000,
				"width": 8.00000000,
				"height": 400.00000000
			}
		},
		{
			"entity": {
				"id": [
					28,
					172,
					110,
					169,
					83,
					193,
					67,
					46,
					166,
					69,
					240,
					22,
					36,
					139,
					75,
					25
				],
				"pos": [
					456.00000000,
					688.00000000
				],
				"queue_free": false,
				"start_disabled": false
			},
			"shape": {
				"x": 0.00000000,
				"y": 0.00000000,
				"width": 400.00000000,
				"height": 8.00000000
			}
		}
	],
	"half_walls": [

	],
	"bounds": {
		"x": 0.00000000,
		"y": 0.00000000,
		"width": 0.00000000,
		"height": 0.00000000
	},
	"has_tutorial": true
}