{
	"player_pos": [
		888.92407227,
		993.42608643
	],
	"portal_pos": [
		752.00000000,
		656.00000000
	],
	"enemies": [

	],
	"enemy_data": [
		{
			"id": [
				39,
				8,
				2,
				59,
				126,
				243,
				74,
				177,
				173,
				214,
				253,
				51,
				75,
				71,
				95,
				120
			],
			"pos": [
				900.00000000,
				812.00000000
			],
			"start_disabled": false,
			"health": 80.00000000,
			"max_health": 80.00000000,
			"variant": 0
		}
	],
	"items": [
		{
			"moving_entity": {
				"physics_entity": {
					"entity": {
						"id": [
							252,
							200,
							234,
							252,
							169,
							208,
							74,
							227,
							137,
							35,
							140,
							208,
							194,
							112,
							87,
							179
						],
						"pos": [
							760.00000000,
							916.00000000
						],
						"queue_free": false,
						"start_disabled": false
					},
					"shape": {
						"pos": [
							0.00000000,
							0.00000000
						],
						"radius": 4.00000000
					}
				},
				"vel": [
					0.00000000,
					0.00000000
				]
			},
			"data": {
				"id": 101,
				"count": 5,
				"max_count": 10
			}
		},
		{
			"moving_entity": {
				"physics_entity": {
					"entity": {
						"id": [
							120,
							154,
							160,
							53,
							164,
							81,
							73,
							73,
							131,
							204,
							242,
							138,
							204,
							53,
							54,
							59
						],
						"pos": [
							756.00000000,
							716.00000000
						],
						"queue_free": false,
						"start_disabled": true
					},
					"shape": {
						"pos": [
							0.00000000,
							0.00000000
						],
						"radius": 4.00000000
					}
				},
				"vel": [
					0.00000000,
					0.00000000
				]
			},
			"data": {
				"id": 101,
				"count": 7,
				"max_count": 10
			}
		}
	],
	"exploding_barrels": [

	],
	"walls": [
		{
			"entity": {
				"id": [
					113,
					121,
					73,
					126,
					54,
					119,
					77,
					78,
					173,
					113,
					253,
					182,
					148,
					158,
					16,
					125
				],
				"pos": [
					712.00000000,
					616.00000000
				],
				"queue_free": false,
				"start_disabled": false
			},
			"shape": {
				"x": 0.00000000,
				"y": 0.00000000,
				"width": 8.00000000,
				"height": 448.00000000
			}
		},
		{
			"entity": {
				"id": [
					229,
					85,
					49,
					129,
					58,
					255,
					74,
					197,
					129,
					131,
					5,
					24,
					121,
					159,
					13,
					196
				],
				"pos": [
					712.00000000,
					616.00000000
				],
				"queue_free": false,
				"start_disabled": false
			},
			"shape": {
				"x": 0.00000000,
				"y": 0.00000000,
				"width": 80.00000000,
				"height": 8.00000000
			}
		},
		{
			"entity": {
				"id": [
					114,
					207,
					1,
					51,
					4,
					127,
					65,
					211,
					172,
					80,
					57,
					4,
					159,
					4,
					188,
					52
				],
				"pos": [
					984.00000000,
					696.00000000
				],
				"queue_free": false,
				"start_disabled": false
			},
			"shape": {
				"x": 0.00000000,
				"y": 0.00000000,
				"width": 8.00000000,
				"height": 368.00000000
			}
		},
		{
			"entity": {
				"id": [
					239,
					160,
					134,
					103,
					46,
					228,
					70,
					170,
					172,
					153,
					48,
					193,
					93,
					207,
					213,
					135
				],
				"pos": [
					712.00000000,
					1056.00000000
				],
				"queue_free": false,
				"start_disabled": false
			},
			"shape": {
				"x": 0.00000000,
				"y": 0.00000000,
				"width": 280.00000000,
				"height": 8.00000000
			}
		},
		{
			"entity": {
				"id": [
					155,
					79,
					25,
					37,
					56,
					41,
					70,
					175,
					156,
					214,
					211,
					64,
					66,
					167,
					179,
					139
				],
				"pos": [
					792.00000000,
					920.00000000
				],
				"queue_free": false,
				"start_disabled": false
			},
			"shape": {
				"x": 0.00000000,
				"y": 0.00000000,
				"width": 200.00000000,
				"height": 8.00000000
			}
		},
		{
			"entity": {
				"id": [
					167,
					49,
					67,
					2,
					190,
					178,
					65,
					213,
					174,
					184,
					115,
					153,
					38,
					219,
					62,
					17
				],
				"pos": [
					784.00000000,
					688.00000000
				],
				"queue_free": false,
				"start_disabled": false
			},
			"shape": {
				"x": 0.00000000,
				"y": 0.00000000,
				"width": 208.00000000,
				"height": 8.00000000
			}
		},
		{
			"entity": {
				"id": [
					119,
					57,
					242,
					43,
					156,
					107,
					77,
					209,
					184,
					222,
					58,
					174,
					154,
					199,
					201,
					5
				],
				"pos": [
					784.00000000,
					616.00000000
				],
				"queue_free": false,
				"start_disabled": false
			},
			"shape": {
				"x": 0.00000000,
				"y": 0.00000000,
				"width": 8.00000000,
				"height": 80.00000000
			}
		}
	],
	"half_walls": [

	],
	"bounds": {
		"x": 0.00000000,
		"y": 0.00000000,
		"width": 0.00000000,
		"height": 0.00000000
	},
	"has_tutorial": true
}