{
	"player_pos": [
		516.00000000,
		472.00000000
	],
	"portal_pos": [
		680.00000000,
		472.00000000
	],
	"enemies": [

	],
	"enemy_data": [
		{
			"id": [
				67,
				104,
				46,
				109,
				72,
				209,
				64,
				246,
				177,
				108,
				118,
				213,
				209,
				199,
				158,
				167
			],
			"pos": [
				612.00000000,
				536.00000000
			],
			"start_disabled": true,
			"look_angle": 0.00000000,
			"health": 10.00000000,
			"max_health": 80.00000000,
			"variant": 0
		}
	],
	"items": [
		{
			"moving_entity": {
				"physics_entity": {
					"entity": {
						"id": [
							167,
							154,
							96,
							4,
							236,
							122,
							69,
							162,
							132,
							122,
							2,
							186,
							157,
							165,
							115,
							190
						],
						"pos": [
							612.00000000,
							484.00000000
						],
						"queue_free": false,
						"start_disabled": false
					},
					"shape": {
						"pos": [
							0.00000000,
							0.00000000
						],
						"radius": 4.00000000
					}
				},
				"vel": [
					0.00000000,
					0.00000000
				]
			},
			"data": {
				"id": 3,
				"count": 1,
				"max_count": 0
			}
		}
	],
	"exploding_barrels": [

	],
	"walls": [
		{
			"entity": {
				"id": [
					66,
					130,
					213,
					83,
					183,
					136,
					78,
					186,
					132,
					199,
					54,
					200,
					193,
					89,
					186,
					99
				],
				"pos": [
					480.00000000,
					432.00000000
				],
				"queue_free": false,
				"start_disabled": false
			},
			"shape": {
				"x": 0.00000000,
				"y": 0.00000000,
				"width": 8.00000000,
				"height": 80.00000000
			}
		},
		{
			"entity": {
				"id": [
					20,
					221,
					97,
					228,
					29,
					181,
					65,
					128,
					140,
					177,
					143,
					101,
					95,
					145,
					27,
					116
				],
				"pos": [
					480.00000000,
					432.00000000
				],
				"queue_free": false,
				"start_disabled": false
			},
			"shape": {
				"x": 0.00000000,
				"y": 0.00000000,
				"width": 240.00000000,
				"height": 8.00000000
			}
		},
		{
			"entity": {
				"id": [
					24,
					92,
					85,
					249,
					25,
					167,
					70,
					194,
					176,
					115,
					213,
					170,
					125,
					132,
					61,
					70
				],
				"pos": [
					592.00000000,
					552.00000000
				],
				"queue_free": false,
				"start_disabled": false
			},
			"shape": {
				"x": 0.00000000,
				"y": 0.00000000,
				"width": 40.00000000,
				"height": 8.00000000
			}
		},
		{
			"entity": {
				"id": [
					103,
					185,
					191,
					27,
					27,
					211,
					66,
					65,
					180,
					225,
					79,
					57,
					253,
					77,
					132,
					180
				],
				"pos": [
					480.00000000,
					504.00000000
				],
				"queue_free": false,
				"start_disabled": false
			},
			"shape": {
				"x": 0.00000000,
				"y": 0.00000000,
				"width": 120.00000000,
				"height": 8.00000000
			}
		},
		{
			"entity": {
				"id": [
					143,
					99,
					36,
					128,
					235,
					167,
					64,
					72,
					164,
					74,
					49,
					247,
					65,
					252,
					108,
					72
				],
				"pos": [
					624.00000000,
					504.00000000
				],
				"queue_free": false,
				"start_disabled": false
			},
			"shape": {
				"x": 0.00000000,
				"y": 0.00000000,
				"width": 96.00000000,
				"height": 8.00000000
			}
		},
		{
			"entity": {
				"id": [
					121,
					127,
					121,
					129,
					160,
					138,
					65,
					140,
					163,
					129,
					139,
					83,
					178,
					53,
					237,
					150
				],
				"pos": [
					712.00000000,
					432.00000000
				],
				"queue_free": false,
				"start_disabled": false
			},
			"shape": {
				"x": 0.00000000,
				"y": 0.00000000,
				"width": 8.00000000,
				"height": 80.00000000
			}
		},
		{
			"entity": {
				"id": [
					40,
					190,
					252,
					69,
					104,
					130,
					72,
					242,
					181,
					221,
					66,
					115,
					239,
					117,
					74,
					9
				],
				"pos": [
					624.00000000,
					512.00000000
				],
				"queue_free": false,
				"start_disabled": false
			},
			"shape": {
				"x": 0.00000000,
				"y": 0.00000000,
				"width": 8.00000000,
				"height": 40.00000000
			}
		},
		{
			"entity": {
				"id": [
					28,
					160,
					35,
					182,
					136,
					70,
					66,
					248,
					146,
					142,
					217,
					68,
					9,
					146,
					63,
					100
				],
				"pos": [
					592.00000000,
					504.00000000
				],
				"queue_free": false,
				"start_disabled": false
			},
			"shape": {
				"x": 0.00000000,
				"y": 0.00000000,
				"width": 8.00000000,
				"height": 48.00000000
			}
		}
	],
	"half_walls": [
		{
			"physics_entity": {
				"entity": {
					"id": [
						96,
						136,
						156,
						96,
						165,
						212,
						71,
						140,
						151,
						143,
						155,
						63,
						73,
						126,
						140,
						109
					],
					"pos": [
						600.00000000,
						504.00000000
					],
					"queue_free": false,
					"start_disabled": false
				},
				"shape": {
					"x": 0.00000000,
					"y": 0.00000000,
					"width": 24.00000000,
					"height": 8.00000000
				}
			}
		}
	],
	"bounds": {
		"x": 0.00000000,
		"y": 0.00000000,
		"width": 0.00000000,
		"height": 0.00000000
	},
	"has_tutorial": true
}