{
	"player_pos": [
		888.92407227,
		993.42608643
	],
	"portal_pos": [
		752.00000000,
		656.00000000
	],
	"enemies": [
		{
			"moving_entity": {
				"physics_entity": {
					"entity": {
						"id": [
							39,
							8,
							2,
							59,
							126,
							243,
							74,
							177,
							173,
							214,
							253,
							51,
							75,
							71,
							95,
							120
						],
						"pos": [
							900.00000000,
							812.00000000
						],
						"queue_free": false,
						"start_disabled": true
					},
					"shape": {
						"x": -8.00000000,
						"y": -8.00000000,
						"width": 16.00000000,
						"height": 16.00000000
					}
				},
				"vel": [
					0.00000000,
					0.00000000
				]
			},
			"detection_angle": 0.00000000,
			"detection_angle_sweep": 115.00000000,
			"detection_range": 80.00000000,
			"detection_points": [
				[
					0.00000000,
					0.00000000
				],
				[
					0.00000000,
					0.00000000
				],
				[
					0.00000000,
					0.00000000
				],
				[
					0.00000000,
					0.00000000
				],
				[
					0.00000000,
					0.00000000
				],
				[
					0.00000000,
					0.00000000
				],
				[
					0.00000000,
					0.00000000
				],
				[
					0.00000000,
					0.00000000
				],
				[
					0.00000000,
					0.00000000
				],
				[
					0.00000000,
					0.00000000
				],
				[
					0.00000000,
					0.00000000
				],
				[
					0.00000000,
					0.00000000
				],
				[
					0.00000000,
					0.00000000
				],
				[
					0.00000000,
					0.00000000
				],
				[
					0.00000000,
					0.00000000
				],
				[
					0.00000000,
					0.00000000
				],
				[
					0.00000000,
					0.00000000
				],
				[
					0.00000000,
					0.00000000
				],
				[
					0.00000000,
					0.00000000
				],
				[
					0.00000000,
					0.00000000
				],
				[
					0.00000000,
					0.00000000
				],
				[
					0.00000000,
					0.00000000
				],
				[
					0.00000000,
					0.00000000
				],
				[
					0.00000000,
					0.00000000
				],
				[
					0.00000000,
					0.00000000
				],
				[
					0.00000000,
					0.00000000
				],
				[
					0.00000000,
					0.00000000
				],
				[
					0.00000000,
					0.00000000
				],
				[
					0.00000000,
					0.00000000
				],
				[
					0.00000000,
					0.00000000
				],
				[
					0.00000000,
					0.00000000
				],
				[
					0.00000000,
					0.00000000
				],
				[
					0.00000000,
					0.00000000
				],
				[
					0.00000000,
					0.00000000
				],
				[
					0.00000000,
					0.00000000
				],
				[
					0.00000000,
					0.00000000
				],
				[
					0.00000000,
					0.00000000
				],
				[
					0.00000000,
					0.00000000
				],
				[
					0.00000000,
					0.00000000
				],
				[
					0.00000000,
					0.00000000
				],
				[
					0.00000000,
					0.00000000
				],
				[
					0.00000000,
					0.00000000
				],
				[
					0.00000000,
					0.00000000
				],
				[
					0.00000000,
					0.00000000
				],
				[
					0.00000000,
					0.00000000
				],
				[
					0.00000000,
					0.00000000
				],
				[
					0.00000000,
					0.00000000
				],
				[
					0.00000000,
					0.00000000
				],
				[
					0.00000000,
					0.00000000
				],
				[
					0.00000000,
					0.00000000
				]
			],
			"attack_charge_range": 12.00000000,
			"start_charge_time": 0.30000001,
			"current_charge_time": 0.00000000,
			"charging": false,
			"start_flinch_time": 0.20000000,
			"current_flinch_time": 0.00000000,
			"flinching": false,
			"just_attacked": false,
			"health": 80.00000000,
			"max_health": 80.00000000,
			"current_path": [

			],
			"current_path_point": 0,
			"pathfinding_timer": 0.00000000,
			"player_in_range": false,
			"data": {
				"attack_poly": {
					"pos": [
						0.00000000,
						0.00000000
					],
					"points": [
						[
							10.00000000,
							-10.00000000
						],
						[
							16.00000000,
							-8.00000000
						],
						[
							20.00000000,
							0.00000000
						],
						[
							16.00000000,
							8.00000000
						],
						[
							10.00000000,
							10.00000000
						]
					],
					"rotation": 0.00000000
				}
			},
			"distracted": false,
			"distraction_pos": [
				0.00000000,
				0.00000000
			],
			"distraction_time_emitted": 0.00000000
		}
	],
	"items": [
		{
			"moving_entity": {
				"physics_entity": {
					"entity": {
						"id": [
							252,
							200,
							234,
							252,
							169,
							208,
							74,
							227,
							137,
							35,
							140,
							208,
							194,
							112,
							87,
							179
						],
						"pos": [
							760.00000000,
							916.00000000
						],
						"queue_free": false,
						"start_disabled": false
					},
					"shape": {
						"pos": [
							0.00000000,
							0.00000000
						],
						"radius": 4.00000000
					}
				},
				"vel": [
					0.00000000,
					0.00000000
				]
			},
			"data": {
				"id": 101,
				"count": 5,
				"max_count": 10
			}
		},
		{
			"moving_entity": {
				"physics_entity": {
					"entity": {
						"id": [
							120,
							154,
							160,
							53,
							164,
							81,
							73,
							73,
							131,
							204,
							242,
							138,
							204,
							53,
							54,
							59
						],
						"pos": [
							756.00000000,
							716.00000000
						],
						"queue_free": false,
						"start_disabled": true
					},
					"shape": {
						"pos": [
							0.00000000,
							0.00000000
						],
						"radius": 4.00000000
					}
				},
				"vel": [
					0.00000000,
					0.00000000
				]
			},
			"data": {
				"id": 101,
				"count": 7,
				"max_count": 10
			}
		}
	],
	"exploding_barrels": [

	],
	"walls": [
		{
			"entity": {
				"id": [
					113,
					121,
					73,
					126,
					54,
					119,
					77,
					78,
					173,
					113,
					253,
					182,
					148,
					158,
					16,
					125
				],
				"pos": [
					712.00000000,
					616.00000000
				],
				"queue_free": false,
				"start_disabled": false
			},
			"shape": {
				"x": 0.00000000,
				"y": 0.00000000,
				"width": 8.00000000,
				"height": 448.00000000
			}
		},
		{
			"entity": {
				"id": [
					229,
					85,
					49,
					129,
					58,
					255,
					74,
					197,
					129,
					131,
					5,
					24,
					121,
					159,
					13,
					196
				],
				"pos": [
					712.00000000,
					616.00000000
				],
				"queue_free": false,
				"start_disabled": false
			},
			"shape": {
				"x": 0.00000000,
				"y": 0.00000000,
				"width": 80.00000000,
				"height": 8.00000000
			}
		},
		{
			"entity": {
				"id": [
					114,
					207,
					1,
					51,
					4,
					127,
					65,
					211,
					172,
					80,
					57,
					4,
					159,
					4,
					188,
					52
				],
				"pos": [
					984.00000000,
					696.00000000
				],
				"queue_free": false,
				"start_disabled": false
			},
			"shape": {
				"x": 0.00000000,
				"y": 0.00000000,
				"width": 8.00000000,
				"height": 368.00000000
			}
		},
		{
			"entity": {
				"id": [
					239,
					160,
					134,
					103,
					46,
					228,
					70,
					170,
					172,
					153,
					48,
					193,
					93,
					207,
					213,
					135
				],
				"pos": [
					712.00000000,
					1056.00000000
				],
				"queue_free": false,
				"start_disabled": false
			},
			"shape": {
				"x": 0.00000000,
				"y": 0.00000000,
				"width": 280.00000000,
				"height": 8.00000000
			}
		},
		{
			"entity": {
				"id": [
					155,
					79,
					25,
					37,
					56,
					41,
					70,
					175,
					156,
					214,
					211,
					64,
					66,
					167,
					179,
					139
				],
				"pos": [
					792.00000000,
					920.00000000
				],
				"queue_free": false,
				"start_disabled": false
			},
			"shape": {
				"x": 0.00000000,
				"y": 0.00000000,
				"width": 200.00000000,
				"height": 8.00000000
			}
		},
		{
			"entity": {
				"id": [
					167,
					49,
					67,
					2,
					190,
					178,
					65,
					213,
					174,
					184,
					115,
					153,
					38,
					219,
					62,
					17
				],
				"pos": [
					784.00000000,
					688.00000000
				],
				"queue_free": false,
				"start_disabled": false
			},
			"shape": {
				"x": 0.00000000,