{
	"player_pos": [
		588.09912109,
		270.20773315
	],
	"portal_pos": [
		660.00000000,
		179.00000000
	],
	"enemies": [
		{
			"moving_entity": {
				"physics_entity": {
					"entity": {
						"id": [
							221,
							117,
							179,
							164,
							99,
							63,
							76,
							11,
							188,
							37,
							203,
							126,
							95,
							171,
							153,
							88
						],
						"pos": [
							762.00000000,
							185.00000000
						],
						"queue_free": false,
						"start_disabled": false
					},
					"shape": {
						"x": -8.00000000,
						"y": -8.00000000,
						"width": 16.00000000,
						"height": 16.00000000
					}
				},
				"vel": [
					0.00000000,
					0.00000000
				]
			},
			"start_pos": [
				0.00000000,
				0.00000000
			],
			"hearing_range": 80.00000000,
			"vision_range": 80.00000000,
			"look_angle": 0.00000000,
			"vision_fov": 115.00000000,
			"vision_points": [
				[
					0.00000000,
					0.00000000
				],
				[
					0.00000000,
					0.00000000
				],
				[
					0.00000000,
					0.00000000
				],
				[
					0.00000000,
					0.00000000
				],
				[
					0.00000000,
					0.00000000
				],
				[
					0.00000000,
					0.00000000
				],
				[
					0.00000000,
					0.00000000
				],
				[
					0.00000000,
					0.00000000
				],
				[
					0.00000000,
					0.00000000
				],
				[
					0.00000000,
					0.00000000
				],
				[
					0.00000000,
					0.00000000
				],
				[
					0.00000000,
					0.00000000
				],
				[
					0.00000000,
					0.00000000
				],
				[
					0.00000000,
					0.00000000
				],
				[
					0.00000000,
					0.00000000
				],
				[
					0.00000000,
					0.00000000
				],
				[
					0.00000000,
					0.00000000
				],
				[
					0.00000000,
					0.00000000
				],
				[
					0.00000000,
					0.00000000
				],
				[
					0.00000000,
					0.00000000
				],
				[
					0.00000000,
					0.00000000
				],
				[
					0.00000000,
					0.00000000
				],
				[
					0.00000000,
					0.00000000
				],
				[
					0.00000000,
					0.00000000
				],
				[
					0.00000000,
					0.00000000
				],
				[
					0.00000000,
					0.00000000
				],
				[
					0.00000000,
					0.00000000
				],
				[
					0.00000000,
					0.00000000
				],
				[
					0.00000000,
					0.00000000
				],
				[
					0.00000000,
					0.00000000
				],
				[
					0.00000000,
					0.00000000
				],
				[
					0.00000000,
					0.00000000
				],
				[
					0.00000000,
					0.00000000
				],
				[
					0.00000000,
					0.00000000
				],
				[
					0.00000000,
					0.00000000
				],
				[
					0.00000000,
					0.00000000
				],
				[
					0.00000000,
					0.00000000
				],
				[
					0.00000000,
					0.00000000
				],
				[
					0.00000000,
					0.00000000
				],
				[
					0.00000000,
					0.00000000
				],
				[
					0.00000000,
					0.00000000
				],
				[
					0.00000000,
					0.00000000
				],
				[
					0.00000000,
					0.00000000
				],
				[
					0.00000000,
					0.00000000
				],
				[
					0.00000000,
					0.00000000
				],
				[
					0.00000000,
					0.00000000
				],
				[
					0.00000000,
					0.00000000
				],
				[
					0.00000000,
					0.00000000
				],
				[
					0.00000000,
					0.00000000
				],
				[
					0.00000000,
					0.00000000
				]
			],
			"can_see_player": false,
			"last_seen_player_pos": [
				0.00000000,
				0.00000000
			],
			"last_seen_player_vel": [
				0.00000000,
				0.00000000
			],
			"player_in_flee_range": false,
			"alert_just_detected": false,
			"last_alert": {
				"pos": [
					0.00000000,
					0.00000000
				],
				"range": 0.00000000,
				"base_intensity": 0.00000000,
				"base_duration": 0.00000000,
				"decay_rate": 0.00000000,
				"is_visual": false,
				"time_emitted": 0.00000000
			},
			"attack_charge_range": 12.00000000,
			"start_charge_time": 0.30000001,
			"current_charge_time": 0.00000000,
			"charging": false,
			"just_attacked": false,
			"start_flinch_time": 0.20000000,
			"current_flinch_time": 0.00000000,
			"flinching": false,
			"health": 80.00000000,
			"max_health": 80.00000000,
			"current_path": [

			],
			"current_path_point": 0,
			"pathfinding_timer": 0.00000000,
			"state": 0,
			"alert_timer": 0.00000000,
			"search_timer": 0.00000000,
			"data": {
				"attack_poly": {
					"pos": [
						0.00000000,
						0.00000000
					],
					"points": [
						[
							10.00000000,
							-10.00000000
						],
						[
							16.00000000,
							-8.00000000
						],
						[
							20.00000000,
							0.00000000
						],
						[
							16.00000000,
							8.00000000
						],
						[
							10.00000000,
							10.00000000
						]
					],
					"rotation": 0.00000000
				}
			}
		}
	],
	"items": [
		{
			"moving_entity": {
				"physics_entity": {
					"entity": {
						"id": [
							79,
							6,
							150,
							220,
							205,
							99,
							64,
							37,
							187,
							77,
							153,
							164,
							157,
							200,
							15,
							30
						],
						"pos": [
							614.51702881,
							246.43014526
						],
						"queue_free": false,
						"start_disabled": false
					},
					"shape": {
						"pos": [
							0.00000000,
							0.00000000
						],
						"radius": 4.00000000
					}
				},
				"vel": [
					0.00000000,
					0.00000000
				]
			},
			"data": {
				"id": 3,
				"count": 1,
				"max_count": 0
			}
		}
	],
	"exploding_barrels": [

	],
	"walls": [
		{
			"entity": {
				"id": [
					190,
					155,
					236,
					197,
					199,
					158,
					73,
					74,
					172,
					40,
					68,
					9,
					248,
					168,
					244,
					96
				],
				"pos": [
					520.00000000,
					72.00000000
				],
				"queue_free": false,
				"start_disabled": false
			},
			"shape": {
				"x": 0.00000000,
				"y": 0.00000000,
				"width": 8.00000000,
				"height": 300.00000000
			}
		},
		{
			"entity": {
				"id": [
					10,
					178,
					136,
					33,
					199,
					47,
					77,
					184,
					158,
					235,
					237,
					102,
					84,
					222,
					201,
					187
				],
				"pos": [
					520.00000000,
					72.00000000
				],
				"queue_free": false,
				"start_disabled": false
			},
			"shape": {
				"x": 0.00000000,
				"y": 0.00000000,
				"width": 300.00000000,
				"height": 8.00000000
			}
		},
		{
			"entity": {
				"id": [
					145,
					253,
					143,
					255,
					84,
					98,
					75,
					113,
					183,
					14,
					104,
					216,
					212,
					106,
					199,
					109
				],
				"pos": [
					816.00000000,
					72.00000000
				],
				"queue_free": false,
				"start_disabled": false
			},
			"shape": {
				"x": 0.00000000,
				"y": 0.00000000,
				"width": 8.00000000,
				"height": 300.00000000
			}
		},
		{
			"entity": {
				"id": [
					152,
					235,
					170,
					41,
					194,
					150,
					70,
					177,
					137,
					67,
					203,
					146,
					214,
					169,
					125,
					212
				],
				"pos": [
					520.00000000,
					368.00000000
				],
				"queue_free": false,
				"start_disabled": false
			},
			"shape": {
				"x": 0.00000000,
				"y": 0.00000000,
				"width": 304.00000000,
				"height": 8.00000000
			}
		}
	],
	"half_walls": [

	],
	"bounds": {
		"x": 0.00000000,
		"y": 0.00000000,
		"width": 0.00000000,
		"height": 0.00000000
	},
	"has_tutorial": false
}