{
	"version": 5,
	"player_start": [
		557.00000000,
		377.00000000
	],
	"portal_pos": [
		744.00000000,
		392.00000000
	],
	"stages": [
		{
			"enemy_data": [
				{
					"id": [
						33,
						229,
						157,
						132,
						119,
						232,
						70,
						162,
						140,
						125,
						121,
						169,
						88,
						152,
						97,
						178
					],
					"pos": [
						596.00000000,
						380.00000000
					],
					"start_disabled": false,
					"look_angle": 177.03587341,
					"health": 80.00000000,
					"max_health": 80.00000000,
					"variant": 0
				},
				{
					"id": [
						214,
						90,
						16,
						173,
						125,
						115,
						66,
						62,
						148,
						26,
						197,
						107,
						16,
						44,
						220,
						50
					],
					"pos": [
						694.00000000,
						377.00000000
					],
					"start_disabled": false,
					"look_angle": 178.16014099,
					"health": 80.00000000,
					"max_health": 80.00000000,
					"variant": 1
				},
				{
					"id": [
						141,
						165,
						101,
						104,
						31,
						31,
						73,
						218,
						163,
						194,
						20,
						242,
						168,
						115,
						71,
						52
					],
					"pos": [
						660.00000000,
						332.00000000
					],
					"start_disabled": false,
					"look_angle": 145.68980408,
					"health": 80.00000000,
					"max_health": 80.00000000,
					"variant": 0
				}
			],
			"items": [
				{
					"moving_entity": {
						"physics_entity": {
							"entity": {
								"id": [
									8,
									100,
									13,
									1,
									114,
									144,
									70,
									84,
									182,
									162,
									138,
									209,
									234,
									230,
									62,
									242
								],
								"pos": [
									580.00000000,
									428.00000000
								],
								"queue_free": false,
								"start_disabled": false
							},
							"shape": {
								"pos": [
									0.00000000,
									0.00000000
								],
								"radius": 4.00000000
							}
						},
						"vel": [
							0.00000000,
							0.00000000
						]
					},
					"data": {
						"id": 1,
						"count": 1,
						"max_count": 0
					}
				}
			],
			"exploding_barrels": [
				{
					"moving_entity": {
						"physics_entity": {
							"entity": {
								"id": [
									63,
									82,
									144,
									160,
									18,
									218,
									66,
									213,
									140,
									164,
									195,
									47,
									254,
									15,
									223,
									212
								],
								"pos": [
									650.00000000,
									359.00000000
								],
								"queue_free": false,
								"start_disabled": false
							},
							"shape": {
								"pos": [
									0.00000000,
									0.00000000
								],
								"radius": 6.00000000
							}
						},
						"vel": [
							0.00000000,
							0.00000000
						]
					},
					"health": 50.00000000,
					"max_health": 50.00000000
				}
			],
			"walls": [
				{
					"entity": {
						"id": [
							118,
							177,
							240,
							70,
							40,
							179,
							65,
							142,
							152,
							151,
							232,
							93,
							123,
							156,
							144,
							156
						],
						"pos": [
							576.00000000,
							368.00000000
						],
						"queue_free": false,
						"start_disabled": false
					},
					"shape": {
						"x": 0.00000000,
						"y": 0.00000000,
						"width": 8.00000000,
						"height": 24.00000000
					}
				}
			],
			"half_walls": [
				{
					"physics_entity": {
						"entity": {
							"id": [
								251,
								58,
								113,
								241,
								135,
								72,
								68,
								167,
								184,
								225,
								83,
								85,
								145,
								168,
								178,
								140
							],
							"pos": [
								616.00000000,
								352.00000000
							],
							"queue_free": false,
							"start_disabled": false
						},
						"shape": {
							"x": 0.00000000,
							"y": 0.00000000,
							"width": 8.00000000,
							"height": 56.00000000
						}
					}
				}
			]
		},
		{
			"enemy_data": [
				{
					"id": [
						128,
						138,
						100,
						173,
						146,
						240,
						72,
						7,
						131,
						107,
						116,
						164,
						252,
						167,
						110,
						147
					],
					"pos": [
						716.00000000,
						313.00000000
					],
					"start_disabled": false,
					"look_angle": -177.04791260,
					"health": 80.00000000,
					"max_health": 80.00000000,
					"variant": 1
				}
			],
			"items": [

			],
			"exploding_barrels": [

			],
			"walls": [

			],
			"half_walls": [
				{
					"physics_entity": {
						"entity": {
							"id": [
								126,
								106,
								232,
								244,
								67,
								31,
								71,
								0,
								138,
								138,
								204,
								179,
								241,
								48,
								253,
								158
							],
							"pos": [
								672.00000000,
								280.00000000
							],
							"queue_free": false,
							"start_disabled": false
						},
						"shape": {
							"x": 0.00000000,
							"y": 0.00000000,
							"width": 8.00000000,
							"height": 72.00000000
						}
					}
				}
			]
		}
	],
	"bounds": {
		"x": 0.00000000,
		"y": 0.00000000,
		"width": 0.00000000,
		"height": 0.00000000
	},
	"save_after_completion": false,
	"has_tutorial": false,
	"cur_stage_idx": 1,
	"cur_enemies": [

	]
}