{
	"player_pos": [
		625.00000000,
		435.00000000
	],
	"portal_pos": [
		620.00000000,
		312.00000000
	],
	"enemies": [

	],
	"items": [

	],
	"exploding_barrels": [

	],
	"walls": [
		{
			"entity": {
				"id": [
					66,
					130,
					213,
					83,
					183,
					136,
					78,
					186,
					132,
					199,
					54,
					200,
					193,
					89,
					186,
					99
				],
				"pos": [
					496.00000000,
					296.00000000
				],
				"queue_free": false,
				"start_disabled": false
			},
			"shape": {
				"x": 0.00000000,
				"y": 0.00000000,
				"width": 8.00000000,
				"height": 256.00000000
			}
		}
	],
	"bounds": {
		"x": 0.00000000,
		"y": 0.00000000,
		"width": 0.00000000,
		"height": 0.00000000
	},
	"has_tutorial": false
}