{
	"player_pos": [
		203.00001526,
		38.33335876
	],
	"enemies": [
		{
			"moving_entity": {
				"physics_entity": {
					"entity": {
						"id": [
							198,
							120,
							185,
							52,
							28,
							252,
							69,
							214,
							134,
							52,
							142,
							129,
							81,
							84,
							189,
							109
						],
						"pos": [
							146.12176514,
							120.55521393
						]
					},
					"shape": {
						"x": -8.00000000,
						"y": -8.00000000,
						"width": 16.00000000,
						"height": 16.00000000
					}
				},
				"vel": [
					0.00000000,
					0.00000000
				]
			},
			"detection_range": 80.00000000,
			"detection_points": [
				[
					356.45507812,
					124.22185516
				],
				[
					355.82424927,
					134.24850464
				],
				[
					353.94174194,
					144.11705017
				],
				[
					350.83718872,
					153.67181396
				],
				[
					346.55963135,
					162.76214600
				],
				[
					341.17645264,
					171.24467468
				],
				[
					334.77258301,
					178.98562622
				],
				[
					327.44900513,
					185.86291504
				],
				[
					319.32122803,
					191.76808167
				],
				[
					310.51742554,
					196.60803223
				],
				[
					301.17642212,
					200.30638123
				],
				[
					291.44558716,
					202.80484009
				],
				[
					281.47833252,
					204.06399536
				],
				[
					271.43185425,
					204.06399536
				],
				[
					261.46456909,
					202.80484009
				],
				[
					251.73371887,
					200.30638123
				],
				[
					242.39274597,
					196.60803223
				],
				[
					233.58894348,
					191.76809692
				],
				[
					225.46115112,
					185.86289978
				],
				[
					218.13758850,
					178.98562622
				],
				[
					211.73370361,
					171.24467468
				],
				[
					206.35055542,
					162.76216125
				],
				[
					202.07296753,
					153.67182922
				],
				[
					198.96841431,
					144.11705017
				],
				[
					197.08590698,
					134.24850464
				],
				[
					196.45507812,
					124.22184753
				],
				[
					197.08590698,
					114.19520569
				],
				[
					198.96841431,
					104.32666779
				],
				[
					202.07296753,
					94.77189636
				],
				[
					206.35055542,
					85.68155670
				],
				[
					211.73370361,
					77.19904327
				],
				[
					218.13758850,
					69.45809174
				],
				[
					225.46115112,
					62.58081055
				],
				[
					233.58895874,
					56.67561340
				],
				[
					242.39273071,
					51.83569336
				],
				[
					251.73370361,
					48.13733673
				],
				[
					261.46459961,
					45.63887024
				],
				[
					271.43182373,
					44.37971497
				],
				[
					281.47833252,
					44.37971497
				],
				[
					291.44555664,
					45.63887024
				],
				[
					301.17645264,
					48.13733673
				],
				[
					310.51742554,
					51.83569336
				],
				[
					319.32119751,
					56.67561340
				],
				[
					327.44900513,
					62.58081055
				],
				[
					334.77255249,
					69.45808411
				],
				[
					341.17645264,
					77.19903564
				],
				[
					346.55960083,
					85.68155670
				],
				[
					350.83718872,
					94.77189636
				],
				[
					353.94174194,
					104.32666779
				],
				[
					355.82424927,
					114.19516754
				]
			],
			"attack_charge_range": 12.00000000,
			"start_charge_time": 0.30000001,
			"current_charge_time": -0.00692230,
			"charging": false,
			"start_flinch_time": 0.20000000,
			"current_flinch_time": 0.00000000,
			"flinching": false,
			"just_attacked": false,
			"health": 40.00000000,
			"max_health": 80.00000000,
			"current_path": [

			],
			"current_path_point": 1,
			"pathfinding_timer": 0.45995429,
			"player_in_range": false,
			"data": {
				"attack_poly": {
					"pos": [
						0.00000000,
						0.00000000
					],
					"points": [

					],
					"rotation": 167.97433472
				}
			}
		}
	],
	"items": [
		{
			"moving_entity": {
				"physics_entity": {
					"entity": {
						"id": [
							151,
							226,
							118,
							30,
							233,
							60,
							67,
							209,
							150,
							91,
							120,
							143,
							177,
							192,
							228,
							33
						],
						"pos": [
							149.42762756,
							65.64205933
						]
					},
					"shape": {
						"pos": [
							0.00000000,
							0.00000000
						],
						"radius": 4.00000000
					}
				},
				"vel": [
					0.00000000,
					0.00000000
				]
			},
			"data": {
				"id": 100,
				"count": 80,
				"max_count": 100
			}
		}
	],
	"exploding_barrels": [
		{
			"moving_entity": {
				"physics_entity": {
					"entity": {
						"id": [
							97,
							239,
							181,
							12,
							113,
							146,
							64,
							162,
							167,
							150,
							124,
							74,
							209,
							252,
							107,
							173
						],
						"pos": [
							339.93600464,
							72.08477020
						]
					},
					"shape": {
						"pos": [
							0.00000000,
							0.00000000
						],
						"radius": 6.00000000
					}
				},
				"vel": [
					0.00000000,
					0.00000000
				]
			},
			"health": 50.00000000,
			"max_health": 0.00000000
		},
		{
			"moving_entity": {
				"physics_entity": {
					"entity": {
						"id": [
							48,
							223,
							173,
							5,
							34,
							161,
							68,
							130,
							137,
							217,
							111,
							149,
							25,
							238,
							79,
							104
						],
						"pos": [
							275.76119995,
							138.22251892
						]
					},
					"shape": {
						"pos": [
							0.00000000,
							0.00000000
						],
						"radius": 6.00000000
					}
				},
				"vel": [
					0.00000000,
					0.00000000
				]
			},
			"health": 50.00000000,
			"max_health": 0.00000000
		}
	],
	"nav_mesh": {
		"cells": [
			{
				"verts": [
					[
						239.66673279,
						110.33335876
					],
					[
						294.33343506,
						174.99996948
					],
					[
						301.66665649,
						101.99999237
					]
				]
			},
			{
				"verts": [
					[
						165.99996948,
						101.00000000
					],
					[
						294.33343506,
						174.99996948
					],
					[
						239.66673279,
						110.33335876
					]
				]
			},
			{
				"verts": [
					[
						165.99996948,
						101.00000000
					],
					[
						100.66663361,
						166.33334351
					],
					[
						294.33343506,
						174.99996948
					]
				]
			}
		],
		"nodes": [
			{
				"pos": [
					267.00009155,
					142.66665649
				],
				"verts": [
					[
						239.66673279,
						110.33335876
					],
					[
						294.33343506,
						174.99996948
					]
				],
				"connections": [
					1,
					2,
					3,
					5
				]
			},
			{
				"pos": [
					298.00006104,
					138.49998474
				],
				"verts": [
					[
						294.33343506,
						174.99996948
					],
					[
						301.66665649,
						101.99999237
					]
				],
				"connections": [
					0,
					2,
					-1,
					-1
				]
			},
			{
				"pos": [
					270.66668701,
					106.16667175
				],
				"verts": [
					[
						301.66665649,
						101.99999237
					],
					[
						239.66673279,
						110.33335876
					]
				],
				"connections": [
					1,
					0,
					-1,
					-1
				]
			},
			{
				"pos": [
					230.16670227,
					137.99998474
				],
				"verts": [
					[
						165.99996948,
						101.00000000
					],
					[
						294.33343506,
						174.99996948
					]
				],
				"connections": [
					0,
					5,
					4,
					6
				]
			},
			{
				"pos": [
					197.50003052,
					170.66665649
				],
				"verts": [
					[
						100.66663361,
						166.33334351
					],
					[
						294.33343506,
						174.99996948
					]
				],
				"connections": [
					6,
					3,
					-1,
					-1
				]
			},
			{
				"pos": [
					202.83334351,
					105.66667938
				],
				"verts": [
					[
						239.66673279,
						110.33335876
					],
					[
						165.99996948,
						101.00000000
					]
				],
				"connections": [
					0,
					3,
					-1,
					-1
				]
			},
			{
				"pos": [
					133.33329773,
					133.66667175
				],
				"verts": [
					[
						165.99996948,
						101.00000000
					],
					[
						100.66663361,
						166.33334351
					]
				],
				"connections": [
					4,
					3,
					-1,
					-1
				]
			}
		]
	},