{
	"player_pos": [
		738.02661133,
		577.01696777
	],
	"portal_pos": [
		736.00000000,
		336.00000000
	],
	"enemies": [
		{
			"moving_entity": {
				"physics_entity": {
					"entity": {
						"id": [
							168,
							91,
							166,
							216,
							165,
							200,
							74,
							9,
							142,
							114,
							109,
							40,
							44,
							100,
							248,
							231
						],
						"pos": [
							736.00000000,
							448.00000000
						],
						"queue_free": false,
						"start_disabled": false
					},
					"shape": null
				},
				"vel": [
					0.00000000,
					0.00000000
				]
			},
			"post_pos": [
				0.00000000,
				0.00000000
			],
			"target": [
				0.00000000,
				0.00000000
			],
			"hearing_range": 0.00000000,
			"vision_range": 0.00000000,
			"look_angle": 0.00000000,
			"vision_fov": 0.00000000,
			"vision_points": [
				[
					0.00000000,
					0.00000000
				],
				[
					0.00000000,
					0.00000000
				],
				[
					0.00000000,
					0.00000000
				],
				[
					0.00000000,
					0.00000000
				],
				[
					0.00000000,
					0.00000000
				],
				[
					0.00000000,
					0.00000000
				],
				[
					0.00000000,
					0.00000000
				],
				[
					0.00000000,
					0.00000000
				],
				[
					0.00000000,
					0.00000000
				],
				[
					0.00000000,
					0.00000000
				],
				[
					0.00000000,
					0.00000000
				],
				[
					0.00000000,
					0.00000000
				],
				[
					0.00000000,
					0.00000000
				],
				[
					0.00000000,
					0.00000000
				],
				[
					0.00000000,
					0.00000000
				],
				[
					0.00000000,
					0.00000000
				],
				[
					0.00000000,
					0.00000000
				],
				[
					0.00000000,
					0.00000000
				],
				[
					0.00000000,
					0.00000000
				],
				[
					0.00000000,
					0.00000000
				],
				[
					0.00000000,
					0.00000000
				],
				[
					0.00000000,
					0.00000000
				],
				[
					0.00000000,
					0.00000000
				],
				[
					0.00000000,
					0.00000000
				],
				[
					0.00000000,
					0.00000000
				],
				[
					0.00000000,
					0.00000000
				],
				[
					0.00000000,
					0.00000000
				],
				[
					0.00000000,
					0.00000000
				],
				[
					0.00000000,
					0.00000000
				],
				[
					0.00000000,
					0.00000000
				],
				[
					0.00000000,
					0.00000000
				],
				[
					0.00000000,
					0.00000000
				],
				[
					0.00000000,
					0.00000000
				],
				[
					0.00000000,
					0.00000000
				],
				[
					0.00000000,
					0.00000000
				],
				[
					0.00000000,
					0.00000000
				],
				[
					0.00000000,
					0.00000000
				],
				[
					0.00000000,
					0.00000000
				],
				[
					0.00000000,
					0.00000000
				],
				[
					0.00000000,
					0.00000000
				],
				[
					0.00000000,
					0.00000000
				],
				[
					0.00000000,
					0.00000000
				],
				[
					0.00000000,
					0.00000000
				],
				[
					0.00000000,
					0.00000000
				],
				[
					0.00000000,
					0.00000000
				],
				[
					0.00000000,
					0.00000000
				],
				[
					0.00000000,
					0.00000000
				],
				[
					0.00000000,
					0.00000000
				],
				[
					0.00000000,
					0.00000000
				],
				[
					0.00000000,
					0.00000000
				]
			],
			"can_see_player": false,
			"last_seen_player_pos": [
				0.00000000,
				0.00000000
			],
			"last_seen_player_vel": [
				0.00000000,
				0.00000000
			],
			"player_in_flee_range": false,
			"alert_just_detected": false,
			"last_alert_intensity_detected": 0.00000000,
			"last_alert": {
				"pos": [
					0.00000000,
					0.00000000
				],
				"range": 0.00000000,
				"base_intensity": 0.00000000,
				"base_duration": 0.00000000,
				"decay_rate": 0.00000000,
				"is_visual": false,
				"time_emitted": 0.00000000
			},
			"attack_charge_range": 0.00000000,
			"start_charge_time": 0.00000000,
			"current_charge_time": 0.00000000,
			"charging": false,
			"just_attacked": false,
			"start_flinch_time": 0.00000000,
			"current_flinch_time": 0.00000000,
			"flinching": false,
			"idle_look_timer": 0.00000000,
			"idle_look_angle": 0.00000000,
			"search_state": 0,
			"health": 80.00000000,
			"max_health": 80.00000000,
			"current_path": [

			],
			"current_path_point": 0,
			"pathfinding_timer": 0.00000000,
			"state": 0,
			"alert_timer": 0.00000000,
			"search_timer": 0.00000000,
			"data": {
				"attack_poly": {
					"pos": [
						0.00000000,
						0.00000000
					],
					"points": [
						[
							10.00000000,
							-9.98312569
						],
						[
							16.00000000,
							-8.00000000
						],
						[
							20.00000000,
							0.00000000
						],
						[
							16.00000000,
							8.00000000
						],
						[
							10.00000000,
							10.00000000
						]
					],
					"rotation": 0.00000000
				}
			}
		}
	],
	"items": [
		{
			"moving_entity": {
				"physics_entity": {
					"entity": {
						"id": [
							153,
							29,
							126,
							215,
							95,
							92,
							73,
							17,
							169,
							36,
							225,
							243,
							43,
							80,
							12,
							80
						],
						"pos": [
							736.00000000,
							536.00000000
						],
						"queue_free": false,
						"start_disabled": false
					},
					"shape": {
						"pos": [
							0.00000000,
							0.00000000
						],
						"radius": 4.00000000
					}
				},
				"vel": [
					0.00000000,
					0.00000000
				]
			},
			"data": {
				"id": 100,
				"count": 10,
				"max_count": 40
			}
		}
	],
	"exploding_barrels": [

	],
	"walls": [
		{
			"entity": {
				"id": [
					186,
					62,
					50,
					213,
					193,
					193,
					68,
					245,
					191,
					8,
					241,
					183,
					79,
					8,
					89,
					97
				],
				"pos": [
					696.00000000,
					296.00000000
				],
				"queue_free": false,
				"start_disabled": false
			},
			"shape": {
				"x": 0.00000000,
				"y": 0.00000000,
				"width": 8.00000000,
				"height": 72.00000000
			}
		},
		{
			"entity": {
				"id": [
					244,
					21,
					47,
					189,
					27,
					31,
					71,
					26,
					155,
					62,
					188,
					91,
					134,
					20,
					208,
					158
				],
				"pos": [
					696.00000000,
					296.00000000
				],
				"queue_free": false,
				"start_disabled": false
			},
			"shape": {
				"x": 0.00000000,
				"y": 0.00000000,
				"width": 80.00000000,
				"height": 8.00000000
			}
		},
		{
			"entity": {
				"id": [
					232,
					157,
					39,
					242,
					166,
					136,
					69,
					34,
					132,
					15,
					183,
					170,
					124,
					167,
					158,
					132
				],
				"pos": [
					768.00000000,
					296.00000000
				],
				"queue_free": false,
				"start_disabled": false
			},
			"shape": {
				"x": 0.00000000,
				"y": 0.00000000,
				"width": 8.00000000,
				"height": 72.00000000
			}
		},
		{
			"entity": {
				"id": [
					236,
					23,
					189,
					175,
					22,
					127,
					79,
					48,
					175,
					130,
					123,
					189,
					146,
					221,
					171,
					64
				],
				"pos": [
					768.00000000,
					360.00000000
				],
				"queue_free": false,
				"start_disabled": false
			},
			"shape": {
				"x": 0.00000000,
				"y": 0.00000000,
				"width": 72.00000000,
				"height": 8.00000000
			}
		},
		{
			"entity": {
				"id": [
					215,
					159,
					54,
					140,
					15,
					106,
					79,
					183,
					153,
					33,
					207,
					105,
					39,
					97,
					111,
					80
				],
				"pos": [
					632.00000000,
					360.00000000
				],
				"queue_free": false,
				"start_disabled": false
			},
			"shape": {
				"x": 0.00000000,
				"y": 0.00000000,
				"width": 72.00000000,
				"height": 8.00000000
			}
		},
		{
			"entity": {
				"id": [
					210,
					154,
					243,
					186,
					138,
					250,
					71,
					163,
					164,
					175,
					20,
					123,
					158,
					12,
					143,
					164
				],
				"pos": [
					632.00000000,
					360.00000000
				],
				"queue_free": false,
				"start_disabled": false
			},
			"shape": {
				"x": 0.00000000,
				"y": 0.00000000,
				"width": 8.00000000,