{
	"player_pos": [
		0.00000000,
		0.00000000
	],
	"portal_pos": [
		0.00000000,
		0.00000000
	],
	"enemies": [

	],
	"items": [

	],
	"exploding_barrels": [

	],
	"walls": [

	],
	"bounds": {
		"x": 0.00000000,
		"y": 0.00000000,
		"width": 0.00000000,
		"height": 0.00000000
	}
}