{
	"player_pos": [
		588.09912109,
		270.20773315
	],
	"portal_pos": [
		660.00000000,
		179.00000000
	],
	"enemies": [

	],
	"enemy_data": [
		{
			"id": [
				221,
				117,
				179,
				164,
				99,
				63,
				76,
				11,
				188,
				37,
				203,
				126,
				95,
				171,
				153,
				88
			],
			"pos": [
				759.00000000,
				187.00000000
			],
			"start_disabled": false,
			"health": 80.00000000,
			"max_health": 80.00000000,
			"variant": 0
		}
	],
	"items": [
		{
			"moving_entity": {
				"physics_entity": {
					"entity": {
						"id": [
							79,
							6,
							150,
							220,
							205,
							99,
							64,
							37,
							187,
							77,
							153,
							164,
							157,
							200,
							15,
							30
						],
						"pos": [
							614.51702881,
							246.43014526
						],
						"queue_free": false,
						"start_disabled": false
					},
					"shape": {
						"pos": [
							0.00000000,
							0.00000000
						],
						"radius": 4.00000000
					}
				},
				"vel": [
					0.00000000,
					0.00000000
				]
			},
			"data": {
				"id": 3,
				"count": 1,
				"max_count": 0
			}
		}
	],
	"exploding_barrels": [

	],
	"walls": [
		{
			"entity": {
				"id": [
					190,
					155,
					236,
					197,
					199,
					158,
					73,
					74,
					172,
					40,
					68,
					9,
					248,
					168,
					244,
					96
				],
				"pos": [
					520.00000000,
					72.00000000
				],
				"queue_free": false,
				"start_disabled": false
			},
			"shape": {
				"x": 0.00000000,
				"y": 0.00000000,
				"width": 8.00000000,
				"height": 300.00000000
			}
		},
		{
			"entity": {
				"id": [
					10,
					178,
					136,
					33,
					199,
					47,
					77,
					184,
					158,
					235,
					237,
					102,
					84,
					222,
					201,
					187
				],
				"pos": [
					520.00000000,
					72.00000000
				],
				"queue_free": false,
				"start_disabled": false
			},
			"shape": {
				"x": 0.00000000,
				"y": 0.00000000,
				"width": 300.00000000,
				"height": 8.00000000
			}
		},
		{
			"entity": {
				"id": [
					145,
					253,
					143,
					255,
					84,
					98,
					75,
					113,
					183,
					14,
					104,
					216,
					212,
					106,
					199,
					109
				],
				"pos": [
					816.00000000,
					72.00000000
				],
				"queue_free": false,
				"start_disabled": false
			},
			"shape": {
				"x": 0.00000000,
				"y": 0.00000000,
				"width": 8.00000000,
				"height": 300.00000000
			}
		},
		{
			"entity": {
				"id": [
					152,
					235,
					170,
					41,
					194,
					150,
					70,
					177,
					137,
					67,
					203,
					146,
					214,
					169,
					125,
					212
				],
				"pos": [
					520.00000000,
					368.00000000
				],
				"queue_free": false,
				"start_disabled": false
			},
			"shape": {
				"x": 0.00000000,
				"y": 0.00000000,
				"width": 304.00000000,
				"height": 8.00000000
			}
		}
	],
	"half_walls": [

	],
	"bounds": {
		"x": 0.00000000,
		"y": 0.00000000,
		"width": 0.00000000,
		"height": 0.00000000
	},
	"has_tutorial": false
}