{
	"player_pos": [
		625.00000000,
		435.00000000
	],
	"portal_pos": [
		620.00000000,
		312.00000000
	],
	"enemies": [

	],
	"items": [
		{
			"moving_entity": {
				"physics_entity": {
					"entity": {
						"id": [
							194,
							107,
							1,
							250,
							111,
							205,
							78,
							231,
							171,
							11,
							203,
							85,
							245,
							121,
							16,
							240
						],
						"pos": [
							685.00000000,
							423.00000000
						],
						"queue_free": false,
						"start_disabled": false
					},
					"shape": {
						"pos": [
							0.00000000,
							0.00000000
						],
						"radius": 4.00000000
					}
				},
				"vel": [
					0.00000000,
					0.00000000
				]
			},
			"data": {
				"id": 3,
				"count": 1,
				"max_count": 0
			}
		}
	],
	"exploding_barrels": [

	],
	"walls": [
		{
			"physics_entity": {
				"entity": {
					"id": [
						66,
						130,
						213,
						83,
						183,
						136,
						78,
						186,
						132,
						199,
						54,
						200,
						193,
						89,
						186,
						99
					],
					"pos": [
						496.00000000,
						296.00000000
					],
					"queue_free": false,
					"start_disabled": false
				},
				"shape": {
					"x": 0.00000000,
					"y": 0.00000000,
					"width": 8.00000000,
					"height": 256.00000000
				}
			},
			"height": 0.00000000
		}
	],
	"bounds": {
		"x": 0.00000000,
		"y": 0.00000000,
		"width": 0.00000000,
		"height": 0.00000000
	},
	"has_tutorial": false
}