{
	"player_pos": [
		648.00000000,
		435.00000000
	],
	"portal_pos": [
		620.00000000,
		312.00000000
	],
	"enemies": [

	],
	"items": [
		{
			"moving_entity": {
				"physics_entity": {
					"entity": {
						"id": [
							167,
							154,
							96,
							4,
							236,
							122,
							69,
							162,
							132,
							122,
							2,
							186,
							157,
							165,
							115,
							190
						],
						"pos": [
							597.00000000,
							408.00000000
						],
						"queue_free": false,
						"start_disabled": false
					},
					"shape": {
						"pos": [
							0.00000000,
							0.00000000
						],
						"radius": 4.00000000
					}
				},
				"vel": [
					0.00000000,
					0.00000000
				]
			},
			"data": {
				"id": 3,
				"count": 1,
				"max_count": 0
			}
		}
	],
	"exploding_barrels": [

	],
	"walls": [
		{
			"entity": {
				"id": [
					66,
					130,
					213,
					83,
					183,
					136,
					78,
					186,
					132,
					199,
					54,
					200,
					193,
					89,
					186,
					99
				],
				"pos": [
					496.00000000,
					296.00000000
				],
				"queue_free": false,
				"start_disabled": false
			},
			"shape": {
				"x": 0.00000000,
				"y": 0.00000000,
				"width": 8.00000000,
				"height": 256.00000000
			}
		}
	],
	"half_walls": [
		{
			"physics_entity": {
				"entity": {
					"id": [
						12,
						203,
						208,
						151,
						72,
						192,
						67,
						85,
						141,
						17,
						217,
						200,
						44,
						221,
						23,
						184
					],
					"pos": [
						560.00000000,
						376.00000000
					],
					"queue_free": false,
					"start_disabled": false
				},
				"shape": {
					"x": 0.00000000,
					"y": 0.00000000,
					"width": 16.00000000,
					"height": 8.00000000
				}
			}
		}
	],
	"bounds": {
		"x": 0.00000000,
		"y": 0.00000000,
		"width": 0.00000000,
		"height": 0.00000000
	},
	"has_tutorial": false
}