{
	"prompts": [
		{
			"pos": [
				760.00000000,
				900.00000000
			],
			"text": "Pick Up the Stick",
			"condition": {
				"type": 2,
				"id": [
					252,
					200,
					234,
					252,
					169,
					208,
					74,
					227,
					137,
					35,
					140,
					208,
					194,
					112,
					87,
					179
				]
			},
			"invert_condition": false,
			"condition2": null,
			"invert_condition2": false,
			"on_screen": false
		},
		{
			"pos": [
				900.00000000,
				780.00000000
			],
			"text": "Left Click to Attack",
			"condition": {
				"type": 2,
				"id": [
					252,
					200,
					234,
					252,
					169,
					208,
					74,
					227,
					137,
					35,
					140,
					208,
					194,
					112,
					87,
					179
				]
			},
			"invert_condition": true,
			"condition2" : {
				"count": 1,
				"weapon": true
			},
			"invert_condition2": false,
			"condition3" : {
				"type": 2,
				"id": [
					120,
					154,
					160,
					53,
					164,
					81,
					73,
					73,
					131,
					204,
					242,
					138,
					204,
					53,
					54,
					59
				],
				"check_disabled": true
			},
			"invert_condition3": false,
			"on_screen": false
		}
	],
	"actions": [
		{
			"action": {
				"type": 1,
				"id": [
					39,
					8,
					2,
					59,
					126,
					243,
					74,
					177,
					173,
					214,
					253,
					51,
					75,
					71,
					95,
					120
				]
			},
			"condition": {
				"type": 2,
				"id": [
					252,
					200,
					234,
					252,
					169,
					208,
					74,
					227,
					137,
					35,
					140,
					208,
					194,
					112,
					87,
					179
				]
			},
			"invert_condition": true
		},
		{
			"action": {
				"type": 2,
				"id": [
					120,
					154,
					160,
					53,
					164,
					81,
					73,
					73,
					131,
					204,
					242,
					138,
					204,
					53,
					54,
					59
				]
			},
			"condition": {
				"count": 0,
				"weapon": true
			},
			"invert_condition": false,
			"condition2": {
				"type": 2,
				"id": [
					252,
					200,
					234,
					252,
					169,
					208,
					74,
					227,
					137,
					35,
					140,
					208,
					194,
					112,
					87,
					179
				]
			},
			"invert_condition2": true
		}
	],
	"hide_item_hud": true,
	"hide_weapon_hud": false,
	"disable_ability": true,
	"hide_all_hud": false,
	"enable_enemy_dummies": true,
	"disable_throwing": true
}